Team Code,Coach First,Coach Last,Coach Slot,Person Key,Status
05BMicro01,Nadia,Juno,1,nadia juno,Assigned
05BMicro01,Otis,Juno,2,otis juno,Assigned
05BMicro02,Jules,Lockhart,1,jules lockhart,Assigned
05BMicro02,Blake,Norwood,2,blake norwood,Assigned
05BMicro03,Teagan,Crane,1,teagan crane,Assigned
05BMicro03,Otis,Dray,2,otis dray,Assigned
05BMicro04,Kendall,Bern,1,kendall bern,Assigned
05BMicro05,Teagan,Xanders,1,teagan xanders,Assigned
05BMicro05,Avery,Ives,2,avery ives,Assigned
05BMicro06,Nadia,Lyle,1,nadia lyle,Assigned
05BMicro07,Emerson,Tolliver,1,emerson tolliver,Assigned
05BMicro08,Celia,Pike,1,celia pike,Assigned
05GMicro01,Luca,Osgood,1,luca osgood,Assigned
05GMicro02,Ula,Moss,1,ula moss,Assigned
05GMicro02,Gray,Kemp,2,gray kemp,Assigned
05GMicro03,Hana,Hobbes,1,hana hobbes,Assigned
05GMicro03,Micah,Cove,2,micah cove,Assigned
05GMicro04,Blake,Ingram,1,blake ingram,Assigned
05GMicro05,Xeno,Tave,1,xeno tave,Assigned
05GMicro06,Vesper,Dellucci,1,vesper dellucci,Assigned
05GMicro06,Ivo,Zeller,2,ivo zeller,Assigned
06BMicro01,Reagan,Holloway,1,reagan holloway,Assigned
06BMicro01,Rui,Vale,2,rui vale,Assigned
06BMicro02,Fabio,Abbot,1,fabio abbot,Assigned
06BMicro02,Edda,York,2,edda york,Assigned
06BMicro03,Oakley,Ulmer,1,oakley ulmer,Assigned
06BMicro04,Greta,Wynn,1,greta wynn,Assigned
06BMicro04,Mara,Calder,2,mara calder,Assigned
06BMicro05,Hugo,Nix,1,hugo nix,Assigned
06BMicro06,Brit,Juno,1,brit juno,Assigned
06BMicro06,Katya,Ehrlich,2,katya ehrlich,Assigned
06BMicro07,Charlie,Norwood,1,charlie norwood,Assigned
06BMicro08,Mara,Marsh,1,mara marsh,Assigned
06BMicro09,Ula,Jute,1,ula jute,Assigned
06BMicro09,Otis,Ellison,2,otis ellison,Assigned
06BMicro10,Lane,Voss,1,lane voss,Assigned
06BMicro10,Casey,Usher,2,casey usher,Assigned
06BMicro11,Hana,Dunmore,1,hana dunmore,Assigned
06BMicro12,Celia,Gale,1,celia gale,Assigned
06BMicro12,Otis,Ward,2,otis ward,Assigned
06GMicro01,Rafa,Sorrel,1,rafa sorrel,Assigned
06GMicro02,Dov,Tave,1,dov tave,Assigned
06GMicro02,Avery,Eastman,2,avery eastman,Assigned
06GMicro03,Harper,Zamora,1,harper zamora,Assigned
06GMicro04,Gray,Vance,1,gray vance,Assigned
06GMicro05,Nadia,Grieve,1,nadia grieve,Assigned
06GMicro05,Shay,Cove,2,shay cove,Assigned
06GMicro06,Uri,Bexley,1,uri bexley,Assigned
06GMicro06,Lior,Cove,2,lior cove,Assigned
06GMicro07,Casey,Voss,1,casey voss,Assigned
06GMicro07,Teagan,Lund,2,teagan lund,Assigned
06GMicro08,Riley,Dunmore,1,riley dunmore,Assigned
07BJunior01,Quinn,Ellison,1,quinn ellison,Assigned
07BJunior01,Remy,Reed,2,remy reed,Assigned
07BJunior02,Winter,Corwin,1,winter corwin,Assigned
07BJunior02,Morgan,Pike,2,morgan pike,Assigned
07BJunior03,Elliot,Jute,1,elliot jute,Assigned
07BJunior03,Val,Jute,2,val jute,Assigned
07BJunior04,Winter,Dole,1,winter dole,Assigned
07BJunior04,Anders,Xanders,2,anders xanders,Assigned
07BJunior05,Vera,Marsh,1,vera marsh,Assigned
07BJunior06,Ivo,Hobbes,1,ivo hobbes,Assigned
07BJunior06,Remy,Marsh,2,remy marsh,Assigned
07BJunior07,Peyton,Mercer,1,peyton mercer,Assigned
07BJunior07,Harper,Sloane,2,harper sloane,Assigned
07BJunior08,Anders,Juno,1,anders juno,Assigned
07BJunior09,Nadia,Sutton,1,nadia sutton,Assigned
07BJunior09,Otis,Nash,2,otis nash,Assigned
07BJunior10,Brit,Landry,1,brit landry,Assigned
07BJunior10,Hana,Abbot,2,hana abbot,Assigned
07BJunior11,Nadia,Xanders,1,nadia xanders,Assigned
07BJunior11,Val,Usher,2,val usher,Assigned
07BJunior12,Remy,Vance,1,remy vance,Assigned
07BJunior12,Elena,Eastman,2,elena eastman,Assigned
07BJunior13,Kian,Dellucci,1,kian dellucci,Assigned
07BJunior13,Zora,Thorne,2,zora thorne,Assigned
07BJunior14,Hayden,Radley,1,hayden radley,Assigned
07GJunior01,Clio,Usher,1,clio usher,Assigned
07GJunior01,Micah,Dunmore,2,micah dunmore,Assigned
07GJunior02,Rui,Ehrlich,1,rui ehrlich,Assigned
07GJunior02,Shay,Moss,2,shay moss,Assigned
07GJunior03,Skyler,Ward,1,skyler ward,Assigned
07GJunior03,Toby,Eastman,2,toby eastman,Assigned
07GJunior04,Mara,Prentiss,1,mara prentiss,Assigned
07GJunior05,Phoenix,Jarvis,1,phoenix jarvis,Assigned
07GJunior05,Rafa,Voss,2,rafa voss,Assigned
07GJunior06,Riley,Sloane,1,riley sloane,Assigned
07GJunior06,Sofia,Kessler,2,sofia kessler,Assigned
07GJunior07,Hugo,Keating,1,hugo keating,Assigned
07GJunior07,Ari,Palmer,2,ari palmer,Assigned
07GJunior08,Bailey,Isley,1,bailey isley,Assigned
08BJunior01,Vera,Kane,1,vera kane,Assigned
08BJunior02,Zora,Ehrlich,1,zora ehrlich,Assigned
08BJunior03,Greta,Wynn,1,greta wynn,Assigned
08BJunior03,Mara,Calder,2,mara calder,Assigned
08BJunior04,Sam,Orme,1,sam orme,Assigned
08BJunior04,Lena,Vail,2,lena vail,Assigned
08BJunior05,Nora,Vale,1,nora vale,Assigned
08BJunior05,Frankie,Orton,2,frankie orton,Assigned
08BJunior06,Skyler,Reed,1,skyler reed,Assigned
08BJunior07,Dana,Jute,1,dana jute,Assigned
08BJunior08,Clio,Ulmer,1,clio ulmer,Assigned
08BJunior08,Wanda,Abbot,2,wanda abbot,Assigned
08BJunior09,Remy,Oder,1,remy oder,Assigned
08BJunior09,Wanda,Tave,2,wanda tave,Assigned
08BJunior10,Viktor,Palmer,1,viktor palmer,Assigned
08GJunior01,Oakley,Ulmer,1,oakley ulmer,Assigned
08GJunior01,Mara,Ulmer,2,mara ulmer,Assigned
08GJunior02,Bailey,Mott,1,bailey mott,Assigned
08GJunior02,Sofia,Bern,2,sofia bern,Assigned
08GJunior03,Oakley,Ingram,1,oakley ingram,Assigned
08GJunior04,Shay,Grieve,1,shay grieve,Assigned
08GJunior05,Finley,Isley,1,finley isley,Assigned
08GJunior06,Jonas,Ward,1,jonas ward,Assigned
08GJunior07,Anders,Ulmer,1,anders ulmer,Assigned
08GJunior08,Yusuf,Keating,1,yusuf keating,Assigned
09B7v701,Riley,Dunmore,1,riley dunmore,Assigned
09B7v701,Zane,Quimby,2,zane quimby,Assigned
09B7v702,Indy,Jute,1,indy jute,Assigned
09B7v702,Remy,Tave,2,remy tave,Assigned
09B7v703,Nico,Vail,1,nico vail,Assigned
09B7v703,Toby,Nix,2,toby nix,Assigned
09B7v704,Noel,Calder,1,noel calder,Assigned
09B7v705,Otis,Nash,1,otis nash,Assigned
09B7v705,Fabio,Dellucci,2,fabio dellucci,Assigned
09B7v706,Micah,Mercer,1,micah mercer,Assigned
09B7v706,Nora,Yates,2,nora yates,Assigned
09B7v707,Milo,Judd,1,milo judd,Assigned
09B7v708,Vesper,Isley,1,vesper isley,Assigned
09B7v708,Fabio,Yates,2,fabio yates,Assigned
09G7v701,Toby,Hart,1,toby hart,Assigned
09G7v701,Remy,Nash,2,remy nash,Assigned
09G7v702,Gina,Lyle,1,gina lyle,Assigned
09G7v702,Anders,Vale,2,anders vale,Assigned
09G7v703,Rowan,Lyle,1,rowan lyle,Assigned
09G7v703,Avery,Marsh,2,avery marsh,Assigned
09G7v704,Perry,Ulmer,1,perry ulmer,Assigned
09G7v705,Reagan,Holloway,1,reagan holloway,Assigned
09G7v705,Rui,Vale,2,rui vale,Assigned
09G7v706,Gray,Judd,1,gray judd,Assigned
09G7v706,Oakley,Sutton,2,oakley sutton,Assigned
10B7v701,Hayden,Holloway,1,hayden holloway,Assigned
10B7v701,Peyton,Oder,2,peyton oder,Assigned
10B7v702,Gray,Farrow,1,gray farrow,Assigned
10B7v702,Sam,Eyre,2,sam eyre,Assigned
10B7v703,Vesper,Fenwick,1,vesper fenwick,Assigned
10B7v703,Phoenix,Pryce,2,phoenix pryce,Assigned
10B7v704,Jonas,Hale,1,jonas hale,Assigned
10B7v705,Drew,Abbot,1,drew abbot,Assigned
10B7v705,Toby,Voss,2,toby voss,Assigned
10B7v706,Vera,Tolliver,1,vera tolliver,Assigned
10B7v706,Sam,Sorrel,2,sam sorrel,Assigned
10B7v707,Blake,Tolliver,1,blake tolliver,Assigned
10B7v707,Blake,Wynn,2,blake wynn,Assigned
10B7v708,Teagan,Hobbes,1,teagan hobbes,Assigned
10B7v708,Jonas,Keating,2,jonas keating,Assigned
10G7v701,Bailey,Mott,1,bailey mott,Assigned
10G7v701,Kian,Dellucci,2,kian dellucci,Assigned
10G7v702,Jonas,Ward,1,jonas ward,Assigned
10G7v702,Tatum,Ingram,2,tatum ingram,Assigned
10G7v703,Uri,Sloane,1,uri sloane,Assigned
10G7v703,Wanda,Prentiss,2,wanda prentiss,Assigned
10G7v704,Jonas,Norwood,1,jonas norwood,Assigned
10G7v705,Finley,Ives,1,finley ives,Assigned
10G7v705,Ines,Hale,2,ines hale,Assigned
10G7v706,Morgan,Eastman,1,morgan eastman,Assigned
12B9v901,Morgan,Eastman,1,morgan eastman,Assigned
12B9v901,Wanda,Eastman,2,wanda eastman,Assigned
12B9v902,Marley,Mercer,1,marley mercer,Assigned
12B9v903,Riley,Pike,1,riley pike,Assigned
12B9v903,Toby,Hart,2,toby hart,Assigned
12B9v904,Teagan,Hobbes,1,teagan hobbes,Assigned
12B9v904,Ula,Rennick,2,ula rennick,Assigned
12B9v905,Jonas,Ives,1,jonas ives,Assigned
12B9v905,Blake,Lund,2,blake lund,Assigned
12B9v906,Lior,Juno,1,lior juno,Assigned
12B9v907,Lior,Wynn,1,lior wynn,Assigned
12B9v907,Milo,Garrick,2,milo garrick,Assigned
12B9v908,Charlie,Mott,1,charlie mott,Assigned
12B9v909,Luca,Underhill,1,luca underhill,Assigned
12B9v909,Sasha,Ingram,2,sasha ingram,Assigned
12B9v910,Quinn,Vance,1,quinn vance,Assigned
12B9v910,Yusuf,Marsh,2,yusuf marsh,Assigned
12G9v901,Dov,Keating,1,dov keating,Assigned
12G9v901,Oakley,Ellison,2,oakley ellison,Assigned
12G9v902,Una,Yates,1,una yates,Assigned
12G9v903,Sofia,Vail,1,sofia vail,Assigned
12G9v903,Mara,Oder,2,mara oder,Assigned
12G9v904,Perry,Sloane,1,perry sloane,Assigned
12G9v904,Nico,Vail,2,nico vail,Assigned
12G9v905,Lena,Vail,1,lena vail,Assigned
12G9v905,Dov,Tolliver,2,dov tolliver,Assigned
12G9v906,Nathaniel,Deverell,1,nathaniel deverell,Assigned
14BSelect01,Gray,Judd,1,gray judd,Assigned
14BSelect01,Perry,Yeats,2,perry yeats,Assigned
14BSelect02,Dov,Judd,1,dov judd,Assigned
14BSelect02,Wren,Reed,2,wren reed,Assigned
14BSelect03,Gray,Whitaker,1,gray whitaker,Assigned
14BSelect04,Faris,Garrick,1,faris garrick,Assigned
14BSelect04,Kendall,Moss,2,kendall moss,Assigned
14BSelect05,Lena,Jute,1,lena jute,Assigned
14GSelect01,Fabio,Ehrlich,1,fabio ehrlich,Assigned
14GSelect01,Dov,Hale,2,dov hale,Assigned
14GSelect02,Tomas,Marsh,1,tomas marsh,Assigned
14GSelect03,Riley,Pike,1,riley pike,Assigned
14GSelect03,Bailey,Usher,2,bailey usher,Assigned
14GSelect03,Oakley,Pryce,3,oakley pryce,Assigned
16BSelect01,Tatum,Tolliver,1,tatum tolliver,Assigned
16BSelect02,Gray,Whitaker,1,gray whitaker,Assigned
16GSelect01,Xeno,Flint,1,xeno flint,Assigned
16GSelect02,Remy,Zorn,1,remy zorn,Assigned
16GSelect02,Ari,Calder,2,ari calder,Assigned
19BSelect01,Vesper,Orton,1,vesper orton,Assigned
19BSelect01,Emerson,Crane,2,emerson crane,Assigned
19GSelect01,Nate,Deverell,1,nate deverell,Assigned
