player_name,player_key,gender,birth_year,age_group,age_group_code,program,playing_up
Zephyr Pengacombe,zephyr pengacombe,m,2021,6,U06B,Micro,
Cato Fendocombe,cato fendocombe,m,2020,7,U07B,Junior,
Ivo Brereridge,ivo brereridge,m,2016,11,U12B,,
Hollin Jesbawick,hollin jesbawick,f,2021,6,U06G,Micro,
Edda Zeldomont,edda zeldomont,m,2014,12,U12B,,
Juno Quilboley,juno quilboley,m,2022,4,,Minis,
Zephyr Clypecombe,zephyr clypecombe,m,2021,6,U06B,Micro,
Yarrow Ovweden,yarrow ovweden,m,2020,7,U07B,Junior,
Garrick Ovvethorn,garrick ovvethorn,m,2018,9,U09B,,
Wrenna Ovheden,wrenna ovheden,m,2018,9,U09B,,
Thora Yarveby,thora yarveby,m,2020,6,U06B,Micro,
Imre Hesgaley,imre hesgaley,f,2016,10,U10G,,
Vero Quilmevale,vero quilmevale,m,2020,7,U07B,Junior,
Imre Hesgaley,imre hesgaley,f,2019,8,U08G,Junior,
Joss Torheridge,joss torheridge,f,2021,5,U05G,Micro,
Cato Quilseck,cato quilseck,f,2022,4,,Minis,
Greer Ulhecombe,greer ulhecombe,m,2020,7,U07B,Junior,
Mira Ashcestone,mira ashcestone,m,2020,7,U07B,Junior,
Orin Pentedge,orin pentedge,f,2017,10,U10G,,
Gilda Alreford,gilda alreford,f,2019,8,U08G,Junior,
Hale Isthethorn,hale isthethorn,m,2020,7,U07B,Junior,
Xara Dorveby,xara dorveby,m,2022,5,U05B,Micro,
Dara Corhewick,dara corhewick,m,2021,5,U05B,Micro,
Bram Normeworth,bram normeworth,m,2021,5,U05B,Micro,
Sorrel Ashleridge,sorrel ashleridge,m,2015,12,U12B,,
Odis Dordaton,odis dordaton,f,2020,7,U07G,Junior,
Perrin Corkaridge,perrin corkaridge,m,2016,11,U12B,,
Hollin Dorwedge,hollin dorwedge,f,2019,8,U08G,Junior,
Cato Marmeridge,cato marmeridge,m,2017,9,U09B,,
Cato Fenfemere,cato fenfemere,f,2021,6,U06G,Micro,
Lark Garceham,lark garceham,m,2021,6,U06B,Micro,
Mira Hestevale,mira hestevale,m,2016,11,U12B,,
Greer Clybadge,greer clybadge,m,2015,12,U12B,,
Kerrin Garcocombe,kerrin garcocombe,m,2016,10,U10B,,
Nils Quilzamere,nils quilzamere,f,2018,8,U08G,Junior,
Vesper Ashgaley,vesper ashgaley,m,2021,5,U05B,Micro,yes
Dara Istveham,dara istveham,f,2019,8,U08G,Junior,
Hale Yarback,hale yarback,f,2019,8,U08G,Junior,
Thora Rantethorn,thora rantethorn,m,2019,7,U07B,Junior,
Zephyr Kelgaden,zephyr kelgaden,m,2016,10,U10B,,
Wrenna Ulpeford,wrenna ulpeford,m,2022,5,U05B,Micro,
Edda Corpeham,edda corpeham,f,2016,11,U12G,,
Ilse Torreley,ilse torreley,m,2016,10,U10B,,yes
Pell Quilzathorn,pell quilzathorn,m,2013,13,U14B,Select,
Corin Fenmeham,corin fenmeham,f,2016,11,U12G,,
Verity Wynleck,verity wynleck,f,2018,9,U09G,,yes
Kerrin Ashwevale,kerrin ashwevale,m,2014,12,U12B,,
Garrick Quiltedge,garrick quiltedge,m,2022,5,U05B,Micro,
Rennick Norfevale,rennick norfevale,f,2017,10,U10G,,
Verity Selgacombe,verity selgacombe,m,2020,7,U07B,Junior,
Tamsin Kelbodge,tamsin kelbodge,f,2021,6,U06G,Micro,
Rennick Jormethorn,rennick jormethorn,m,2017,10,U10B,,
Cato Jordadge,cato jordadge,f,2020,7,U07G,Junior,
Juno Ulteham,juno ulteham,m,2016,11,U12B,,
Hale Istdawell,hale istdawell,f,2021,6,U06G,Micro,
Bryn Selmeck,bryn selmeck,m,2019,7,U07B,Junior,
Bryn Ulleridge,bryn ulleridge,m,2018,9,U09B,,
Ysolt Zeldack,ysolt zeldack,m,2019,8,U08B,Junior,
Juno Kelsestone,juno kelsestone,f,2016,10,U10G,,
Perrin Dorseby,perrin dorseby,f,2012,15,U16G,Select,
Mabon Fencovale,mabon fencovale,f,2019,8,U08G,Junior,
Xara Kelgaby,xara kelgaby,m,2017,10,U10B,,
Thora Norlefield,thora norlefield,f,2020,7,U07G,Junior,
Wrenna Algack,wrenna algack,m,2019,8,U08B,Junior,
Ulf Clymewell,ulf clymewell,f,2019,8,U08G,Junior,
Clove Corfedge,clove corfedge,m,2017,10,U10B,,
Yarrow Ulmeck,yarrow ulmeck,m,2020,6,U06B,Micro,
Signy Clygaham,signy clygaham,f,2017,10,U10G,,
Jarl Ashfeden,jarl ashfeden,f,2019,8,U08G,Junior,
Marek Garheham,marek garheham,m,2020,7,U07B,Junior,
Corin Hesnegrove,corin hesnegrove,m,2019,8,U08B,Junior,
Emrys Corsedge,emrys corsedge,m,2019,8,U08B,Junior,
Corin Falferidge,corin falferidge,m,2017,10,U10B,,
Yorick Linbodge,yorick linbodge,m,2022,4,,Minis,
Ivo Ovgadge,ivo ovgadge,f,2022,5,U05G,Micro,
Imre Wynteham,imre wynteham,m,2022,5,U05B,Micro,
Zoran Norrevale,zoran norrevale,f,2018,9,U09G,,
Prue Dorheley,prue dorheley,m,2015,12,U12B,,
Zoran Verzafield,zoran verzafield,f,2017,10,U10G,,
Thora Normeck,thora normeck,m,2017,9,U09B,,
Nils Zelkaworth,nils zelkaworth,m,2018,9,U09B,,
Tamsin Fendaham,tamsin fendaham,m,2021,6,U06B,Micro,
Zeda Ullegrove,zeda ullegrove,m,2021,6,U06B,Micro,
Ulf Jesregrove,ulf jesregrove,m,2017,9,U09B,,
Marek Wyndofield,marek wyndofield,m,2015,12,U12B,,
Garrick Clymestone,garrick clymestone,m,2022,4,,Minis,
Signy Gilseton,signy gilseton,m,2020,6,U06B,Micro,
Odis Ovdothorn,odis ovdothorn,f,2019,7,U07G,Junior,
Zoran Linbostone,zoran linbostone,m,2019,7,U07B,Junior,yes
Bram Haldagrove,bram haldagrove,m,2022,4,,Minis,
Wrenna Alfeham,wrenna alfeham,m,2016,11,U12B,,
Sorrel Clyweton,sorrel clyweton,m,2014,13,U14B,Select,
Bryn Breseby,bryn breseby,m,2018,9,U09B,,
Zoran Kelboby,zoran kelboby,f,2014,13,U14G,Select,
Mabon Nordaton,mabon nordaton,m,2021,6,U06B,Micro,
Pell Bramnewick,pell bramnewick,m,2022,5,U05B,Micro,
Jarl Zelferidge,jarl zelferidge,f,2021,6,U06G,Micro,
Tamsin Elbagrove,tamsin elbagrove,m,2021,6,U06B,Micro,
Fable Penmeby,fable penmeby,f,2018,8,U08G,Junior,
Xara Jorbamere,xara jorbamere,m,2016,11,U12B,,
Xara Hesheley,xara hesheley,m,2019,8,U08B,Junior,
Kerrin Falweden,kerrin falweden,m,2019,7,U07B,Junior,
Juno Ashceworth,juno ashceworth,f,2020,6,U06G,Micro,
Ivo Kellemere,ivo kellemere,m,2016,11,U12B,,
Lisbet Vermewell,lisbet vermewell,m,2016,11,U12B,,
Kerrin Clybogrove,kerrin clybogrove,f,2020,7,U07G,Junior,
Marek Dorneley,marek dorneley,m,2020,6,U06B,Micro,
Gilda Jorkathorn,gilda jorkathorn,f,2018,9,U09G,,
Linnea Jesledge,linnea jesledge,m,2019,8,U08B,Junior,
Bram Penkawell,bram penkawell,m,2020,6,U06B,Micro,
Ilse Verneck,ilse verneck,m,2020,7,U07B,Junior,
Fenn Jorzaridge,fenn jorzaridge,f,2017,10,U10G,,
Marek Jorwecombe,marek jorwecombe,m,2021,6,U06B,Micro,
Torv Pengaton,torv pengaton,f,2020,7,U07G,Junior,
Mira Clyceden,mira clyceden,m,2022,5,U05B,Micro,
Linnea Clyboridge,linnea clyboridge,m,2015,12,U12B,,
Orin Corpeford,orin corpeford,f,2017,9,U09G,,
Rennick Elcemont,rennick elcemont,m,2020,6,U06B,Micro,
Imre Penremont,imre penremont,m,2020,7,U07B,Junior,
Mabon Ovgathorn,mabon ovgathorn,m,2020,7,U07B,Junior,
Lark Jesbathorn,lark jesbathorn,m,2015,12,U12B,,
Zephyr Elremere,zephyr elremere,m,2015,12,U12B,,
Sable Yarfefield,sable yarfefield,m,2018,9,U09B,,
Pell Elgaley,pell elgaley,f,2018,9,U09G,,
Emrys Alleby,emrys alleby,m,2021,6,U06B,Micro,
Prue Norwestone,prue norwestone,f,2018,8,U08G,Junior,
Ilse Clynecombe,ilse clynecombe,m,2018,9,U09B,,
Pell Clyneridge,pell clyneridge,m,2018,9,U09B,,
Nessa Penback,nessa penback,m,2017,9,U09B,,
Ivo Halhemont,ivo halhemont,f,2022,5,U05G,Micro,
Ulric Ranweham,ulric ranweham,f,2016,11,U12G,,
Joss Brekack,joss brekack,f,2020,7,U07G,Junior,
Wrenna Irdock,wrenna irdock,f,2020,7,U07G,Junior,
Nessa Evcoden,nessa evcoden,m,2019,8,U08B,Junior,
Alder Eltecombe,alder eltecombe,m,2022,5,U05B,Micro,
Sable Hesgathorn,sable hesgathorn,f,2019,7,U07G,Junior,
Zephyr Bramhemont,zephyr bramhemont,m,2019,7,U07B,Junior,
Ulf Bramveley,ulf bramveley,m,2022,5,U05B,Micro,
Yorick Ulbaden,yorick ulbaden,m,2019,8,U08B,Junior,
Joss Quilleham,joss quilleham,m,2017,9,U09B,,
Signy Hesperidge,signy hesperidge,f,2018,9,U09G,,
Corin Markaton,corin markaton,m,2023,4,,Minis,
Hollin Quilsemere,hollin quilsemere,m,2014,13,U14B,Select,
Torv Randofield,torv randofield,m,2019,7,U07B,Junior,
Odis Irhemont,odis irhemont,m,2020,6,U06B,Micro,
Zephyr Wyncegrove,zephyr wyncegrove,m,2016,11,U12B,,
Prue Halhegrove,prue halhegrove,m,2016,11,U12B,,
Ulric Istzastone,ulric istzastone,f,2017,10,U10G,,
Thora Yargamere,thora yargamere,m,2021,6,U06B,Micro,
Lark Vercowick,lark vercowick,m,2017,9,U09B,,
Nessa Haldaford,nessa haldaford,f,2020,6,U06G,Micro,
Sorrel Irteley,sorrel irteley,m,2021,5,U05B,Micro,
Yarrow Ulnemont,yarrow ulnemont,m,2021,5,U05B,Micro,
Torv Yarlevale,torv yarlevale,m,2021,6,U06B,Micro,
Garrick Evcecombe,garrick evcecombe,f,2021,6,U06G,Micro,
Orin Quilwecombe,orin quilwecombe,m,2021,6,U06B,Micro,
Imre Selkamont,imre selkamont,m,2018,9,U09B,,
Xara Jorpegrove,xara jorpegrove,f,2022,4,,Minis,
Zeda Linfedge,zeda linfedge,m,2014,12,U12B,,
Yarrow Jorbastone,yarrow jorbastone,m,2018,8,U08B,Junior,
Perrin Selmewell,perrin selmewell,m,2014,12,U12B,,
Wren Marpegrove,wren marpegrove,m,2015,12,U12B,,
Hollin Istseley,hollin istseley,f,2020,6,U06G,Micro,
Marek Norgafield,marek norgafield,m,2022,5,U05B,Micro,
Nerys Bredafield,nerys bredafield,m,2018,9,U09B,,
Odis Ovfegrove,odis ovfegrove,f,2021,6,U06G,Micro,
Wren Marrewick,wren marrewick,m,2023,4,,Minis,
Pell Falpeden,pell falpeden,f,2012,14,U14G,Select,
Mira Ulheley,mira ulheley,f,2017,9,U09G,,
Clove Quilcoridge,clove quilcoridge,m,2017,10,U10B,,
Hollin Wyngacombe,hollin wyngacombe,m,2015,11,U12B,,
Kestrel Keldamont,kestrel keldamont,m,2020,7,U07B,Junior,
Faron Clypeden,faron clypeden,f,2020,7,U07G,Junior,
Hesper Dorzaton,hesper dorzaton,f,2020,6,U06G,Micro,
Edda Zellemont,edda zellemont,f,2016,10,U10G,,yes
Torv Uldock,torv uldock,m,2014,13,U14B,Select,
Tamsin Ashzamere,tamsin ashzamere,m,2014,12,U12B,,
Torv Gilpethorn,torv gilpethorn,m,2021,6,U06B,Micro,
Emrys Elbodge,emrys elbodge,f,2020,7,U07G,Junior,
Kestrel Clyleford,kestrel clyleford,f,2020,7,U07G,Junior,
Fenn Jesgaton,fenn jesgaton,m,2013,14,U14B,Select,
Imre Bramzamont,imre bramzamont,m,2019,7,U07B,Junior,
Yorick Marfedge,yorick marfedge,m,2017,9,U09B,,
Ulf Hesboley,ulf hesboley,f,2019,8,U08G,Junior,
Gilda Ashhefield,gilda ashhefield,f,2017,9,U09G,,yes
Thora Dancovale,thora dancovale,m,2013,13,U14B,Select,
Garrick Ashheley,garrick ashheley,f,2022,5,U05G,Micro,
Juno Wyndavale,juno wyndavale,m,2017,10,U10B,,
Sable Corfemere,sable corfemere,m,2014,13,U14B,Select,
Thora Ulgaden,thora ulgaden,m,2020,6,U06B,Micro,
Ilse Norbostone,ilse norbostone,m,2018,9,U09B,,
Nerys Pencoworth,nerys pencoworth,m,2020,7,U07B,Junior,
Edda Gilneham,edda gilneham,m,2017,9,U09B,,
Xara Cormethorn,xara cormethorn,m,2022,5,U05B,Micro,
Yorick Irmestone,yorick irmestone,f,2014,13,U14G,Select,
Kova Bredamere,kova bredamere,m,2011,15,U16B,Select,
Ulf Zelbavale,ulf zelbavale,m,2018,9,U09B,,
Ulf Versegrove,ulf versegrove,m,2018,9,U09B,,
Hale Selnemont,hale selnemont,f,2021,5,U05G,Micro,
Xara Jescevale,xara jescevale,m,2017,10,U10B,,
Emrys Penseby,emrys penseby,m,2021,6,U06B,Micro,
Zeda Wynmefield,zeda wynmefield,m,2013,14,U14B,Select,
Thora Alboham,thora alboham,f,2019,7,U07G,Junior,
Prue Ovdomont,prue ovdomont,f,2021,5,U05G,Micro,
Pell Irdadge,pell irdadge,m,2019,8,U08B,Junior,
Faron Torvegrove,faron torvegrove,m,2013,13,U14B,Select,
Elsbet Yardafield,elsbet yardafield,m,2017,10,U10B,,
Bertram Dorperidge,bertram dorperidge,m,2013,14,U14B,Select,
Mabon Ashdofield,mabon ashdofield,m,2016,10,U10B,,
Nessa Istveridge,nessa istveridge,m,2019,7,U07B,Junior,
Jarl Linkaworth,jarl linkaworth,f,2017,9,U09G,,
Hesper Jesrethorn,hesper jesrethorn,m,2015,11,U12B,,
Rennick Jesheworth,rennick jesheworth,f,2021,5,U05G,Micro,
Bryn Fenfewick,bryn fenfewick,m,2021,6,U06B,Micro,
Mira Clydoby,mira clydoby,m,2018,8,U08B,Junior,
Nessa Torteck,nessa torteck,m,2017,9,U09B,,
Greer Breheford,greer breheford,m,2018,9,U09B,,
Elsbet Ashdafield,elsbet ashdafield,f,2018,8,U08G,Junior,
Clove Hesmewell,clove hesmewell,m,2019,7,U07B,Junior,
Corin Jorreford,corin jorreford,f,2019,8,U08G,Junior,
Kerrin Halceford,kerrin halceford,m,2021,5,U05B,Micro,
Emrys Verheley,emrys verheley,m,2019,8,U08B,Junior,
Zephyr Selheton,zephyr selheton,m,2020,7,U07B,Junior,
Hollin Selnemere,hollin selnemere,f,2021,6,U06G,Micro,
Tamsin Istfeley,tamsin istfeley,m,2017,9,U09B,,
Bertram Dorkaworth,bertram dorkaworth,m,2019,7,U07B,Junior,
Garrick Breteck,garrick breteck,f,2020,6,U06G,Micro,
Vero Kelmeford,vero kelmeford,m,2017,10,U10B,,
Isolde Alkaden,isolde alkaden,f,2021,6,U06G,Micro,
Rennick Norseden,rennick norseden,m,2018,9,U09B,,
Kova Vernewick,kova vernewick,f,2017,10,U10G,,
Torv Cordaley,torv cordaley,f,2018,8,U08G,Junior,
Rennick Danweridge,rennick danweridge,m,2019,7,U07B,Junior,
Rennick Halzaden,rennick halzaden,m,2019,8,U08B,Junior,
Orin Vernegrove,orin vernegrove,f,2019,7,U07G,Junior,
Kerrin Wyngaridge,kerrin wyngaridge,m,2020,6,U06B,Micro,
Orin Ashremere,orin ashremere,m,2018,9,U09B,,
Bertram Irpeby,bertram irpeby,m,2022,5,U05B,Micro,
Sorrel Linzacombe,sorrel linzacombe,f,2015,12,U12G,,
Bertram Brecemont,bertram brecemont,m,2022,4,,Minis,
Fable Istwewell,fable istwewell,m,2019,8,U08B,Junior,
Jarl Marmecombe,jarl marmecombe,m,2020,6,U06B,Micro,yes
Hesper Marnestone,hesper marnestone,m,2018,8,U08B,Junior,
Faron Halbodge,faron halbodge,m,2015,11,U12B,,
Tamsin Irbawick,tamsin irbawick,f,2018,9,U09G,,
Ulla Nordofield,ulla nordofield,f,2020,7,U07G,Junior,
Wrenna Clycoden,wrenna clycoden,f,2016,11,U12G,,
Pell Halfegrove,pell halfegrove,f,2016,11,U12G,,
Ulric Istleck,ulric istleck,f,2021,6,U06G,Micro,
Ivo Verwewell,ivo verwewell,m,2021,5,U05B,Micro,
Linnea Gilkaley,linnea gilkaley,f,2017,10,U10G,,
Wren Jorhecombe,wren jorhecombe,m,2016,10,U10B,,
Linnea Ovgawell,linnea ovgawell,f,2017,10,U10G,,
Bryn Marmevale,bryn marmevale,f,2014,13,U14G,Select,
Wrenna Fendoham,wrenna fendoham,f,2018,9,U09G,,
Zeda Marnewick,zeda marnewick,m,2020,7,U07B,Junior,
Wrenna Irbaton,wrenna irbaton,m,2021,6,U06B,Micro,
Dara Yarbathorn,dara yarbathorn,m,2016,11,U12B,,
Linnea Bramkadge,linnea bramkadge,m,2017,9,U09B,,
Mira Dantemont,mira dantemont,f,2018,8,U08G,Junior,
Edda Ovreridge,edda ovreridge,f,2021,5,U05G,Micro,
Emrys Wynsecombe,emrys wynsecombe,f,2018,9,U09G,,
Corin Marbostone,corin marbostone,m,2022,5,U05B,Micro,
Clove Norhemont,clove norhemont,f,2011,15,U16G,Select,
Thora Norweford,thora norweford,f,2019,8,U08G,Junior,
Nils Torpethorn,nils torpethorn,m,2017,9,U09B,,
Wren Gilsestone,wren gilsestone,m,2018,9,U09B,,
Nessa Quilwemere,nessa quilwemere,m,2020,7,U07B,Junior,
Ulric Yarkawell,ulric yarkawell,m,2020,7,U07B,Junior,
Ivo Falsethorn,ivo falsethorn,m,2015,11,U12B,,
Sorrel Irdoley,sorrel irdoley,m,2014,13,U14B,Select,
Ysolt Verdoford,ysolt verdoford,m,2022,5,U05B,Micro,
Kestrel Elbothorn,kestrel elbothorn,f,2019,8,U08G,Junior,
Fenn Alnemere,fenn alnemere,m,2015,11,U12B,,
Vesper Wyncoton,vesper wyncoton,m,2021,6,U06B,Micro,
Alder Dorleworth,alder dorleworth,m,2021,6,U06B,Micro,
Bryn Seldaton,bryn seldaton,f,2015,12,U12G,,
Kestrel Evmewell,kestrel evmewell,m,2018,9,U09B,,
Corin Aldofield,corin aldofield,m,2017,10,U10B,,
Ilse Clytewick,ilse clytewick,m,2017,10,U10B,,
Nerys Kelfedge,nerys kelfedge,f,2017,10,U10G,,
Marek Danlecombe,marek danlecombe,f,2020,7,U07G,Junior,
Osric Brekastone,osric brekastone,m,2015,12,U12B,,
Hale Ulmemont,hale ulmemont,m,2022,5,U05B,Micro,
Imre Istbowell,imre istbowell,m,2015,11,U12B,,
Linnea Bramkaham,linnea bramkaham,m,2016,10,U10B,,
Jarl Hesvestone,jarl hesvestone,m,2019,7,U07B,Junior,
Corin Irpeford,corin irpeford,m,2017,9,U09B,,
Ysolt Linferidge,ysolt linferidge,m,2019,8,U08B,Junior,
Odis Clyzaford,odis clyzaford,m,2014,13,U14B,Select,
Wrenna Evreck,wrenna evreck,m,2017,10,U10B,,
Juno Dorwethorn,juno dorwethorn,m,2014,13,U14B,Select,
Jarl Quiltefield,jarl quiltefield,f,2017,10,U10G,,
Linnea Yarneden,linnea yarneden,m,2016,11,U12B,,
Vesper Evcemont,vesper evcemont,m,2022,5,U05B,Micro,
Yarrow Ashgamont,yarrow ashgamont,m,2019,8,U08B,Junior,
Torv Jorfestone,torv jorfestone,m,2011,15,U16B,Select,
Linnea Falheham,linnea falheham,m,2013,14,U14B,Select,
Linnea Alteby,linnea alteby,m,2018,9,U09B,,
Signy Clyzamere,signy clyzamere,m,2019,7,U07B,Junior,
Val Jute,val jute,m,2020,7,U07B,Junior,
Wrenna Danzaridge,wrenna danzaridge,m,2022,5,U05B,Micro,
Sable Kelmeton,sable kelmeton,m,2016,11,U12B,,
Fable Ulweby,fable ulweby,m,2021,6,U06B,Micro,
Juno Alheham,juno alheham,m,2016,11,U12B,,
Hale Hesweden,hale hesweden,m,2018,8,U08B,Junior,
Mabon Fencegrove,mabon fencegrove,f,2020,6,U06G,Micro,
Faron Jesveton,faron jesveton,f,2019,8,U08G,Junior,
Ulf Aldamere,ulf aldamere,m,2019,7,U07B,Junior,
Elsbet Bramheford,elsbet bramheford,m,2015,12,U12B,,
Ilse Ovgaden,ilse ovgaden,f,2019,8,U08G,Junior,
Hollin Fenkaford,hollin fenkaford,m,2017,10,U10B,,
Wrenna Jornewell,wrenna jornewell,m,2008,18,U19B,Select,
Odis Hesmeby,odis hesmeby,m,2019,8,U08B,Junior,
Tamsin Correford,tamsin correford,m,2020,7,U07B,Junior,
Faron Dorwegrove,faron dorwegrove,m,2020,6,U06B,Micro,
Dara Dorbavale,dara dorbavale,m,2018,9,U09B,,
Gilda Danseley,gilda danseley,m,2018,8,U08B,Junior,
Tamsin Ovdoton,tamsin ovdoton,m,2016,10,U10B,,
Fable Irvemont,fable irvemont,m,2009,17,U19B,Select,
Yarrow Ulbacombe,yarrow ulbacombe,f,2021,6,U06G,Micro,
Signy Ashceley,signy ashceley,f,2013,13,U14G,Select,
Zeda Kelzastone,zeda kelzastone,m,2017,10,U10B,,
Hale Dandoton,hale dandoton,m,2019,7,U07B,Junior,
Hesper Yarbaden,hesper yarbaden,m,2016,11,U12B,,
Zoran Wyndaworth,zoran wyndaworth,f,2019,7,U07G,Junior,yes
Zeda Jorkaford,zeda jorkaford,m,2023,4,,Minis,
Vesper Yarcefield,vesper yarcefield,f,2021,5,U05G,Micro,
Mira Bramceck,mira bramceck,f,2019,7,U07G,Junior,
Prue Istkack,prue istkack,f,2018,9,U09G,,
Nils Ranheworth,nils ranheworth,m,2014,13,U14B,Select,
Xara Torcevale,xara torcevale,f,2022,5,U05G,Micro,
Tamsin Gartecombe,tamsin gartecombe,f,2023,4,,Minis,
Yarrow Evceham,yarrow evceham,m,2018,9,U09B,,
Ilse Bramperidge,ilse bramperidge,f,2011,15,U16G,Select,
Ivo Corboworth,ivo corboworth,m,2020,7,U07B,Junior,
Wren Brepewick,wren brepewick,m,2023,4,,Minis,
Sorrel Ranseley,sorrel ranseley,f,2014,13,U14G,Select,
Wren Dormeley,wren dormeley,f,2017,10,U10G,,
Clove Rancocombe,clove rancocombe,f,2018,8,U08G,Junior,
Fenn Dornemont,fenn dornemont,f,2015,12,U12G,,
Wren Linleden,wren linleden,f,2012,15,U16G,Select,
Zephyr Hesbock,zephyr hesbock,m,2015,12,U12B,,
Wren Evmefield,wren evmefield,f,2018,9,U09G,,
Yorick Gilsemere,yorick gilsemere,m,2013,14,U14B,Select,
Bryn Clycowick,bryn clycowick,m,2021,5,U05B,Micro,
Yarrow Verpewell,yarrow verpewell,m,2021,5,U05B,Micro,
Bryn Fenveworth,bryn fenveworth,f,2017,10,U10G,,
Zoran Marweridge,zoran marweridge,m,2013,13,U14B,Select,
Cato Ranzack,cato ranzack,m,2022,4,,Minis,
Pell Nordaworth,pell nordaworth,m,2017,10,U10B,,
Vesper Torrevale,vesper torrevale,f,2017,10,U10G,,
Osric Corweham,osric corweham,m,2014,13,U14B,Select,
Ysolt Ranmeley,ysolt ranmeley,f,2017,10,U10G,,
Hale Cormewell,hale cormewell,m,2019,8,U08B,Junior,
Hale Tornecombe,hale tornecombe,f,2015,11,U12G,,
Joss Danbathorn,joss danbathorn,f,2016,11,U12G,,
Ysolt Evneham,ysolt evneham,m,2016,10,U10B,,
Bram Fenreworth,bram fenreworth,m,2013,13,U14B,Select,
Jarl Ulbogrove,jarl ulbogrove,m,2013,14,U14B,Select,
Sorrel Quilfecombe,sorrel quilfecombe,f,2020,6,U06G,Micro,
Hale Linhefield,hale linhefield,m,2018,8,U08B,Junior,
Sorrel Hesceford,sorrel hesceford,f,2020,7,U07G,Junior,
Elsbet Pencoley,elsbet pencoley,f,2020,6,U06G,Micro,
Zephyr Falkaton,zephyr falkaton,f,2019,8,U08G,Junior,
Verity Evzamont,verity evzamont,m,2018,9,U09B,,
Imre Algathorn,imre algathorn,m,2018,8,U08B,Junior,
Imre Algadge,imre algadge,m,2013,14,U14B,Select,
Elsbet Linveworth,elsbet linveworth,m,2014,13,U14B,Select,yes
Linnea Kelgadge,linnea kelgadge,f,2018,8,U08G,Junior,yes
Fable Evseck,fable evseck,m,2017,10,U10B,,
Ulla Fendathorn,ulla fendathorn,f,2012,14,U14G,Select,
Ivo Fenbacombe,ivo fenbacombe,m,2013,13,U14B,Select,
Sorrel Ranbaford,sorrel ranbaford,m,2019,8,U08B,Junior,
Elsbet Quilkamere,elsbet quilkamere,m,2020,6,U06B,Micro,
Zeda Clyfedge,zeda clyfedge,m,2018,9,U09B,,
Verity Wynseford,verity wynseford,f,2018,9,U09G,,
Nils Quildowick,nils quildowick,m,2015,11,U12B,,
Jarl Ulgastone,jarl ulgastone,m,2020,7,U07B,Junior,
Osric Hesrevale,osric hesrevale,f,2019,8,U08G,Junior,
Zeda Allethorn,zeda allethorn,f,2020,7,U07G,Junior,
Sorrel Yarheham,sorrel yarheham,f,2018,9,U09G,,
Elsbet Penmeridge,elsbet penmeridge,m,2019,8,U08B,Junior,
Wren Bramtevale,wren bramtevale,m,2021,6,U06B,Micro,
Kova Selboworth,kova selboworth,f,2011,16,U16G,Select,
Orin Elteck,orin elteck,f,2016,11,U12G,,
Bertram Evdomont,bertram evdomont,m,2015,11,U12B,,yes
Mabon Heskamere,mabon heskamere,m,2017,10,U10B,,
Jarl Gilnegrove,jarl gilnegrove,m,2016,11,U12B,,
Torv Clyvestone,torv clyvestone,m,2014,12,U12B,,
Ivo Verpestone,ivo verpestone,m,2016,11,U12B,,
Ilse Marfecombe,ilse marfecombe,m,2018,8,U08B,Junior,
Kova Dormeton,kova dormeton,f,2017,10,U10G,,
Zeda Hallemont,zeda hallemont,f,2020,7,U07G,Junior,
Joss Brecethorn,joss brecethorn,m,2018,9,U09B,,
Pell Clywecombe,pell clywecombe,m,2019,8,U08B,Junior,
Marek Dorveridge,marek dorveridge,m,2018,8,U08B,Junior,
Thora Elhewick,thora elhewick,m,2022,5,U05B,Micro,
Pell Dantecombe,pell dantecombe,m,2020,7,U07B,Junior,
Nils Linceford,nils linceford,f,2018,9,U09G,,
Lisbet Evnestone,lisbet evnestone,f,2009,18,U19G,Select,
Clove Lincodge,clove lincodge,m,2016,11,U12B,,
Zephyr Kelbaford,zephyr kelbaford,m,2014,13,U14B,Select,
Bryn Halkagrove,bryn halkagrove,m,2014,13,U14B,Select,
Bram Gilzamere,bram gilzamere,m,2021,6,U06B,Micro,
Pell Ashweby,pell ashweby,f,2020,6,U06G,Micro,
Delia Rangathorn,delia rangathorn,m,2019,8,U08B,Junior,
Wrenna Fencestone,wrenna fencestone,m,2010,16,U16B,Select,
Ulric Istnefield,ulric istnefield,m,2015,12,U12B,,
Ivo Versemere,ivo versemere,m,2022,5,U05B,Micro,
Osric Zeldaworth,osric zeldaworth,m,2015,11,U12B,,
Elsbet Irmeby,elsbet irmeby,m,2017,9,U09B,,
Nils Danhewell,nils danhewell,m,2019,7,U07B,Junior,
Ulla Yarbaford,ulla yarbaford,m,2016,11,U12B,,
Fenn Bremevale,fenn bremevale,m,2018,8,U08B,Junior,
Ulric Penboton,ulric penboton,m,2017,9,U09B,,
Tamsin Linheley,tamsin linheley,f,2016,10,U10G,,
Alder Lindaden,alder lindaden,m,2022,5,U05B,Micro,
Fenn Bramfevale,fenn bramfevale,m,2013,13,U14B,Select,
Mabon Vervegrove,mabon vervegrove,f,2015,11,U12G,,
Joss Garfeby,joss garfeby,f,2017,10,U10G,,
Nessa Halwestone,nessa halwestone,m,2013,13,U14B,Select,
Sable Bramseton,sable bramseton,m,2019,7,U07B,Junior,
Ivo Elgafield,ivo elgafield,m,2017,9,U09B,,
Imre Zelhethorn,imre zelhethorn,m,2019,8,U08B,Junior,
Alder Marreford,alder marreford,m,2019,7,U07B,Junior,
Nerys Halrefield,nerys halrefield,f,2013,14,U14G,Select,
Yorick Halteford,yorick halteford,m,2018,8,U08B,Junior,
Dara Selveford,dara selveford,m,2019,8,U08B,Junior,
Nerys Gargaridge,nerys gargaridge,m,2018,9,U09B,,
Ulf Alhewick,ulf alhewick,m,2014,13,U14B,Select,
Rennick Torheham,rennick torheham,f,2008,18,U19G,Select,
Faron Evgaley,faron evgaley,f,2011,15,U16G,Select,
Garrick Istceley,garrick istceley,f,2018,9,U09G,,
Nils Jorsewick,nils jorsewick,f,2021,6,U06G,Micro,
Marek Selgavale,marek selgavale,m,2021,5,U05B,Micro,
Fenn Heswefield,fenn heswefield,m,2020,7,U07B,Junior,
Ulla Isthegrove,ulla isthegrove,m,2014,12,U12B,,
Fable Gilweton,fable gilweton,m,2015,11,U12B,,
Imre Norgack,imre norgack,f,2020,6,U06G,Micro,yes
Wrenna Norfedge,wrenna norfedge,m,2018,9,U09B,,
Lark Dorpeford,lark dorpeford,f,2013,14,U14G,Select,
Juno Tormethorn,juno tormethorn,f,2017,9,U09G,,
Marek Istfeham,marek istfeham,f,2019,8,U08G,Junior,
Ysolt Selsewell,ysolt selsewell,m,2022,4,,Minis,
Ilse Gardowell,ilse gardowell,f,2017,10,U10G,,
Delia Elheworth,delia elheworth,m,2018,8,U08B,Junior,yes
Juno Ulpemere,juno ulpemere,m,2020,6,U06B,Micro,
Hale Jorteck,hale jorteck,m,2013,13,U14B,Select,
Signy Penseton,signy penseton,f,2023,4,,Minis,
Fable Ashzamont,fable ashzamont,f,2020,7,U07G,Junior,
Zephyr Torcogrove,zephyr torcogrove,m,2022,5,U05B,Micro,
Hesper Fenreley,hesper fenreley,f,2022,4,,Minis,
Vero Selbamere,vero selbamere,f,2021,6,U06G,Micro,
Alder Irferidge,alder irferidge,f,2018,9,U09G,,
Odis Jorseridge,odis jorseridge,m,2020,7,U07B,Junior,
Alder Dormethorn,alder dormethorn,m,2016,11,U12B,,
Perrin Istcoby,perrin istcoby,f,2018,9,U09G,,
Nerys Zelremont,nerys zelremont,m,2021,6,U06B,Micro,
Torv Fenbaby,torv fenbaby,m,2018,8,U08B,Junior,
Verity Jordodge,verity jordodge,m,2017,9,U09B,,
Osric Torcodge,osric torcodge,f,2011,15,U16G,Select,
Kerrin Marbamont,kerrin marbamont,f,2017,10,U10G,,
Marek Norhevale,marek norhevale,f,2011,15,U16G,Select,
Nessa Zelcofield,nessa zelcofield,f,2018,9,U09G,,
Zephyr Garwestone,zephyr garwestone,m,2019,7,U07B,Junior,
Kestrel Torboden,kestrel torboden,m,2021,6,U06B,Micro,
Torv Jorbaden,torv jorbaden,f,2014,12,U12G,,
Imre Ulnevale,imre ulnevale,f,2014,13,U14G,Select,
Faron Penzaridge,faron penzaridge,m,2021,5,U05B,Micro,
Zoran Yarcewell,zoran yarcewell,m,2018,9,U09B,,
Hollin Gildaworth,hollin gildaworth,m,2020,7,U07B,Junior,
Wrenna Selceford,wrenna selceford,f,2020,6,U06G,Micro,
Hesper Danpeley,hesper danpeley,f,2019,7,U07G,Junior,
Kerrin Dorhethorn,kerrin dorhethorn,m,2009,18,U19B,Select,
Nils Pencefield,nils pencefield,f,2021,6,U06G,Micro,
Tamsin Halneley,tamsin halneley,m,2019,7,U07B,Junior,yes
Sorrel Jesmewell,sorrel jesmewell,f,2021,6,U06G,Micro,
Vero Yarmewick,vero yarmewick,m,2022,5,U05B,Micro,
Zephyr Ovleford,zephyr ovleford,m,2022,5,U05B,Micro,
Ulf Dordaley,ulf dordaley,m,2023,4,,Minis,
Ysolt Brerewick,ysolt brerewick,f,2021,6,U06G,Micro,
Zeda Fendowell,zeda fendowell,m,2020,7,U07B,Junior,
Kova Yarmedge,kova yarmedge,m,2018,8,U08B,Junior,
Zeda Fensefield,zeda fensefield,m,2018,8,U08B,Junior,
Ulla Marlewick,ulla marlewick,m,2020,7,U07B,Junior,
Torv Fenhedge,torv fenhedge,m,2020,7,U07B,Junior,
Ulric Dorcethorn,ulric dorcethorn,m,2020,7,U07B,Junior,
Bryn Garcoham,bryn garcoham,m,2010,17,U19B,Select,
Ulric Evdoton,ulric evdoton,f,2011,15,U16G,Select,
Sable Gilcevale,sable gilcevale,m,2017,10,U10B,,
Fable Ovzaham,fable ovzaham,f,2018,8,U08G,Junior,yes
Nerys Zelkacombe,nerys zelkacombe,f,2018,9,U09G,,
Zeda Norvevale,zeda norvevale,m,2022,4,,Minis,
Zoran Ashpedge,zoran ashpedge,f,2021,5,U05G,Micro,
Hesper Algaton,hesper algaton,f,2021,5,U05G,Micro,
Xara Ranbaby,xara ranbaby,f,2020,6,U06G,Micro,
Bram Penpedge,bram penpedge,f,2015,12,U12G,,
Bryn Clyceby,bryn clyceby,f,2012,15,U16G,Select,
Elsbet Clyveton,elsbet clyveton,f,2013,14,U14G,Select,
Kerrin Corbamere,kerrin corbamere,m,2018,9,U09B,,
Orin Corzafield,orin corzafield,f,2018,8,U08G,Junior,yes
Vero Marmeford,vero marmeford,f,2015,12,U12G,,
Yorick Clybomere,yorick clybomere,f,2015,11,U12G,,
Faron Danteworth,faron danteworth,m,2021,6,U06B,Micro,
Bram Alweridge,bram alweridge,m,2016,11,U12B,,
Nerys Zelcocombe,nerys zelcocombe,m,2015,11,U12B,,
Bram Fenceridge,bram fenceridge,m,2022,5,U05B,Micro,
Ivo Alkamont,ivo alkamont,m,2018,8,U08B,Junior,
Bram Jespeck,bram jespeck,f,2018,9,U09G,,
Clove Ovtewick,clove ovtewick,f,2012,15,U16G,Select,
Vesper Gilcogrove,vesper gilcogrove,m,2021,5,U05B,Micro,
Ulla Torperidge,ulla torperidge,m,2021,6,U06B,Micro,
Hesper Clysewick,hesper clysewick,m,2021,6,U06B,Micro,
Elsbet Zelfewick,elsbet zelfewick,f,2012,14,U14G,Select,
Yarrow Marsegrove,yarrow marsegrove,m,2019,7,U07B,Junior,
Faron Hesdowell,faron hesdowell,m,2018,8,U08B,Junior,
Fable Ircothorn,fable ircothorn,f,2021,6,U06G,Micro,
Isolde Irsestone,isolde irsestone,f,2020,7,U07G,Junior,
Fenn Ulbovale,fenn ulbovale,m,2020,7,U07B,Junior,
Hale Ranlecombe,hale ranlecombe,m,2015,12,U12B,,
Fenn Bramkamere,fenn bramkamere,f,2018,9,U09G,,
Sable Pennecombe,sable pennecombe,m,2017,10,U10B,,
Tamsin Fendomont,tamsin fendomont,m,2016,10,U10B,,yes
Garrick Jescogrove,garrick jescogrove,m,2014,13,U14B,Select,
Orin Torpegrove,orin torpegrove,f,2019,8,U08G,Junior,
Fable Yarseford,fable yarseford,m,2020,7,U07B,Junior,
Vero Dorpeden,vero dorpeden,f,2017,9,U09G,,
Odis Elzaworth,odis elzaworth,m,2010,16,U16B,Select,
Corin Evhemere,corin evhemere,m,2022,5,U05B,Micro,
Marek Marfeford,marek marfeford,m,2019,7,U07B,Junior,
Juno Elperidge,juno elperidge,m,2022,5,U05B,Micro,
Mabon Alcoford,mabon alcoford,m,2019,7,U07B,Junior,
Fenn Jessestone,fenn jessestone,f,2021,5,U05G,Micro,
Elsbet Ulzadge,elsbet ulzadge,m,2016,11,U12B,,
Rennick Linvecombe,rennick linvecombe,m,2020,7,U07B,Junior,
Kova Brecoton,kova brecoton,m,2018,9,U09B,,
Gilda Alweford,gilda alweford,m,2015,12,U12B,,
Mabon Istdoham,mabon istdoham,m,2020,7,U07B,Junior,
Hollin Gilseham,hollin gilseham,f,2020,6,U06G,Micro,
Prue Dortefield,prue dortefield,m,2017,10,U10B,,
Rennick Yarsethorn,rennick yarsethorn,f,2017,9,U09G,,
Hesper Jesweworth,hesper jesweworth,m,2016,11,U12B,,
Mabon Irboham,mabon irboham,m,2018,9,U09B,,
Dara Ranleden,dara ranleden,m,2021,6,U06B,Micro,
Prue Penmeham,prue penmeham,m,2016,11,U12B,,
Emrys Irbavale,emrys irbavale,m,2016,11,U12B,,
Zoran Zelceby,zoran zelceby,m,2022,4,,Minis,
Rennick Istvestone,rennick istvestone,m,2013,13,U14B,Select,
Juno Falrevale,juno falrevale,f,2016,11,U12G,,
Joss Jornemont,joss jornemont,m,2020,6,U06B,Micro,
Prue Istdofield,prue istdofield,m,2018,8,U08B,Junior,
Emrys Clylewell,emrys clylewell,m,2018,9,U09B,,
Hesper Fenboworth,hesper fenboworth,f,2021,6,U06G,Micro,
Ysolt Ashmewick,ysolt ashmewick,m,2021,6,U06B,Micro,
Kerrin Wyndack,kerrin wyndack,m,2020,7,U07B,Junior,
Jarl Zelgacombe,jarl zelgacombe,f,2022,5,U05G,Micro,
Hollin Jesfeden,hollin jesfeden,m,2008,18,U19B,Select,
Mira Wyngavale,mira wyngavale,m,2020,6,U06B,Micro,
Kerrin Jornegrove,kerrin jornegrove,f,2017,10,U10G,,
Imre Zelbaridge,imre zelbaridge,m,2018,8,U08B,Junior,
Bryn Fenteley,bryn fenteley,f,2022,5,U05G,Micro,
Vero Verkacombe,vero verkacombe,m,2021,5,U05B,Micro,
Ysolt Corkastone,ysolt corkastone,m,2021,6,U06B,Micro,
Torv Yargaridge,torv yargaridge,m,2015,11,U12B,,
Kestrel Fenzavale,kestrel fenzavale,m,2021,6,U06B,Micro,
Nerys Selreworth,nerys selreworth,m,2016,11,U12B,,
Ulric Torreham,ulric torreham,m,2020,7,U07B,Junior,
Fenn Dorneden,fenn dorneden,m,2018,9,U09B,,
Cato Marreworth,cato marreworth,m,2018,9,U09B,,
Garrick Almewell,garrick almewell,m,2018,8,U08B,Junior,
Zeda Hesdock,zeda hesdock,m,2014,12,U12B,,
Garrick Gilseby,garrick gilseby,m,2018,8,U08B,Junior,
Imre Yarseridge,imre yarseridge,f,2021,5,U05G,Micro,
Kestrel Danleford,kestrel danleford,f,2015,12,U12G,,
Imre Ashgawell,imre ashgawell,m,2018,9,U09B,,
Isolde Jesdavale,isolde jesdavale,m,2017,10,U10B,,
Edda Gildaham,edda gildaham,m,2011,16,U16B,Select,
Vero Wynsewick,vero wynsewick,m,2016,11,U12B,,
Yorick Pencemere,yorick pencemere,m,2021,6,U06B,Micro,
Signy Corkaworth,signy corkaworth,m,2019,8,U08B,Junior,
Xara Dansemere,xara dansemere,f,2017,9,U09G,,
Vesper Evbawick,vesper evbawick,m,2019,7,U07B,Junior,
Xara Hesfevale,xara hesfevale,m,2014,12,U12B,,
Lark Irpewell,lark irpewell,m,2013,14,U14B,Select,
Isolde Irseridge,isolde irseridge,m,2020,7,U07B,Junior,
Kestrel Verperidge,kestrel verperidge,f,2015,11,U12G,,
Hale Zelwestone,hale zelwestone,m,2016,11,U12B,,
Jarl Zelmecombe,jarl zelmecombe,m,2014,12,U12B,,
Signy Torsevale,signy torsevale,f,2021,6,U06G,Micro,
Yorick Alweham,yorick alweham,f,2015,11,U12G,,
Perrin Evreden,perrin evreden,m,2020,7,U07B,Junior,
Ulf Ulbathorn,ulf ulbathorn,f,2011,16,U16G,Select,
Orin Zelbaden,orin zelbaden,f,2019,8,U08G,Junior,
Pell Lingaworth,pell lingaworth,m,2021,5,U05B,Micro,
Orin Wyncemont,orin wyncemont,f,2019,7,U07G,Junior,
Isolde Quiltestone,isolde quiltestone,m,2014,12,U12B,,
Garrick Halteworth,garrick halteworth,m,2017,10,U10B,,
Kestrel Cormeham,kestrel cormeham,m,2019,8,U08B,Junior,
Bertram Ranpeham,bertram ranpeham,m,2016,11,U12B,,
Lisbet Garleden,lisbet garleden,f,2020,6,U06G,Micro,
Odis Istsegrove,odis istsegrove,f,2018,8,U08G,Junior,
Lark Jespestone,lark jespestone,m,2017,10,U10B,,
Nerys Hesteridge,nerys hesteridge,f,2019,7,U07G,Junior,
Lark Ellefield,lark ellefield,m,2020,6,U06B,Micro,
Alder Elfeford,alder elfeford,f,2021,6,U06G,Micro,
Vesper Quilmewell,vesper quilmewell,f,2019,8,U08G,Junior,
Kestrel Zelkathorn,kestrel zelkathorn,f,2019,7,U07G,Junior,
Zeda Elbaby,zeda elbaby,f,2016,11,U12G,,
Corin Garwegrove,corin garwegrove,m,2011,16,U16B,Select,
Nessa Irlegrove,nessa irlegrove,f,2011,16,U16G,Select,
Garrick Gildadge,garrick gildadge,m,2020,7,U07B,Junior,
Wrenna Ulteridge,wrenna ulteridge,f,2022,4,,Minis,yes
Faron Evpeford,faron evpeford,m,2016,11,U12B,,
Joss Bramleley,joss bramleley,m,2016,10,U10B,,
Bertram Ashcemere,bertram ashcemere,f,2019,8,U08G,Junior,
Lark Alseley,lark alseley,m,2022,5,U05B,Micro,
Garrick Ashcomere,garrick ashcomere,f,2015,12,U12G,,
Orin Jorlecombe,orin jorlecombe,f,2022,5,U05G,Micro,
Hesper Dorheridge,hesper dorheridge,m,2021,6,U06B,Micro,
Zeda Ranteham,zeda ranteham,f,2015,11,U12G,,
Bertram Zelweworth,bertram zelweworth,m,2015,12,U12B,,
Zoran Bramkafield,zoran bramkafield,m,2020,6,U06B,Micro,
Hale Ircemere,hale ircemere,m,2022,4,,Minis,yes
Thora Ulneton,thora ulneton,f,2015,12,U12G,,
Tamsin Isttemont,tamsin isttemont,f,2015,11,U12G,,
Ulric Gildaden,ulric gildaden,f,2012,15,U16G,Select,
Ilse Tordoley,ilse tordoley,f,2019,7,U07G,Junior,
Rennick Ashseridge,rennick ashseridge,m,2010,16,U16B,Select,
Dara Clyseley,dara clyseley,f,2008,18,U19G,Select,
Joss Zelgagrove,joss zelgagrove,f,2015,12,U12G,,
Lisbet Clybafield,lisbet clybafield,m,2017,9,U09B,,
Mabon Quildaridge,mabon quildaridge,m,2020,7,U07B,Junior,
Hale Jesremont,hale jesremont,m,2018,8,U08B,Junior,
Nessa Irgaham,nessa irgaham,m,2016,10,U10B,,
Joss Ashdaridge,joss ashdaridge,m,2016,10,U10B,,
Gilda Verfeley,gilda verfeley,f,2011,16,U16G,Select,
Osric Yarkagrove,osric yarkagrove,f,2021,6,U06G,Micro,
Hollin Evmeton,hollin evmeton,f,2018,9,U09G,,
Hollin Alleridge,hollin alleridge,f,2017,9,U09G,,
Bryn Evwemont,bryn evwemont,f,2016,11,U12G,,
Bryn Alhemont,bryn alhemont,f,2017,10,U10G,,
Fable Kelnefield,fable kelnefield,f,2011,16,U16G,Select,
Nessa Istzamere,nessa istzamere,m,2023,4,,Minis,
Kestrel Irhewell,kestrel irhewell,f,2016,11,U12G,,
Linnea Irteridge,linnea irteridge,m,2017,10,U10B,,
Ulf Brampeck,ulf brampeck,m,2020,7,U07B,Junior,
Joss Selfemere,joss selfemere,m,2019,8,U08B,Junior,
Ysolt Alpeden,ysolt alpeden,m,2017,9,U09B,,
Xara Vercothorn,xara vercothorn,m,2021,5,U05B,Micro,
Hale Evbomere,hale evbomere,m,2016,10,U10B,,
Xara Clypemere,xara clypemere,m,2023,4,,Minis,
Orin Heszaley,orin heszaley,f,2022,5,U05G,Micro,
Vesper Danreby,vesper danreby,f,2017,10,U10G,,
Orin Brewestone,orin brewestone,f,2016,11,U12G,,
Bertram Istdaridge,bertram istdaridge,m,2020,6,U06B,Micro,
Bram Halneton,bram halneton,m,2013,13,U14B,Select,
Pell Penkadge,pell penkadge,f,2015,12,U12G,,
Rennick Ashdastone,rennick ashdastone,m,2017,9,U09B,,
Thora Marpedge,thora marpedge,m,2013,14,U14B,Select,
Zeda Wyndaby,zeda wyndaby,f,2016,10,U10G,,
Nessa Seldaford,nessa seldaford,m,2015,12,U12B,,
Hollin Gilgaham,hollin gilgaham,f,2018,9,U09G,,
Bertram Irlemere,bertram irlemere,f,2019,7,U07G,Junior,
Prue Bramcoley,prue bramcoley,f,2019,8,U08G,Junior,
Kestrel Jordaworth,kestrel jordaworth,m,2021,5,U05B,Micro,
Hesper Linboley,hesper linboley,f,2018,9,U09G,,
Corin Dordaby,corin dordaby,m,2008,18,U19B,Select,
Mira Jorzastone,mira jorzastone,m,2013,14,U14B,Select,
Yorick Garzafield,yorick garzafield,m,2021,5,U05B,Micro,
Bram Dormewell,bram dormewell,m,2011,16,U16B,Select,
Faron Jorfevale,faron jorfevale,f,2012,14,U14G,Select,
Vesper Istweby,vesper istweby,m,2018,9,U09B,,yes
Emrys Faldastone,emrys faldastone,m,2016,10,U10B,,
Yorick Garcomere,yorick garcomere,m,2016,11,U12B,,
Signy Bramzaden,signy bramzaden,m,2014,13,U14B,Select,
Hesper Yarperidge,hesper yarperidge,f,2019,8,U08G,Junior,
Zeda Linmegrove,zeda linmegrove,m,2021,6,U06B,Micro,
Gilda Jesdathorn,gilda jesdathorn,f,2022,4,,Minis,
Fable Danveworth,fable danveworth,f,2011,15,U16G,Select,
Kova Nordocombe,kova nordocombe,m,2020,6,U06B,Micro,
Sorrel Alzavale,sorrel alzavale,m,2016,10,U10B,,
Bertram Quilweridge,bertram quilweridge,f,2020,7,U07G,Junior,
Orin Falneley,orin falneley,f,2014,12,U12G,,
Jarl Yarteworth,jarl yarteworth,f,2011,15,U16G,Select,
Wrenna Fendowick,wrenna fendowick,m,2018,8,U08B,Junior,
Zephyr Elmeton,zephyr elmeton,m,2022,4,,Minis,
Xara Dorbowick,xara dorbowick,f,2015,11,U12G,,
Dara Falcoley,dara falcoley,m,2018,9,U09B,,
Thora Eldacombe,thora eldacombe,m,2012,15,U16B,Select,
Ulric Evpevale,ulric evpevale,m,2014,12,U12B,,
Emrys Clycoton,emrys clycoton,f,2016,11,U12G,,
Zeda Jorhethorn,zeda jorhethorn,f,2010,16,U16G,Select,
Ivo Ranboridge,ivo ranboridge,m,2017,10,U10B,,
Nerys Breveworth,nerys breveworth,f,2015,12,U12G,,
Corin Jesgamont,corin jesgamont,m,2014,13,U14B,Select,
Kova Seldoham,kova seldoham,m,2022,5,U05B,Micro,
Signy Quilbaworth,signy quilbaworth,f,2017,10,U10G,,
Nessa Ashteby,nessa ashteby,f,2019,7,U07G,Junior,
Zoran Evtethorn,zoran evtethorn,f,2020,7,U07G,Junior,
Greer Dorsedge,greer dorsedge,f,2019,8,U08G,Junior,
Kerrin Torlestone,kerrin torlestone,m,2015,12,U12B,,
Zephyr Dankaden,zephyr dankaden,m,2018,9,U09B,,
Elsbet Brampedge,elsbet brampedge,f,2018,8,U08G,Junior,
Thora Marmemont,thora marmemont,m,2020,6,U06B,Micro,
Kova Jorceley,kova jorceley,m,2020,6,U06B,Micro,
Ulf Quilsestone,ulf quilsestone,m,2014,13,U14B,Select,
Zoran Lingaford,zoran lingaford,f,2022,4,,Minis,
Verity Bramteford,verity bramteford,m,2012,15,U16B,Select,
Dara Alzaworth,dara alzaworth,f,2013,14,U14G,Select,
Signy Danneridge,signy danneridge,f,2020,6,U06G,Micro,
Corin Corvestone,corin corvestone,m,2022,4,,Minis,
Ulf Altevale,ulf altevale,m,2020,6,U06B,Micro,
Xara Linback,xara linback,m,2017,10,U10B,,
Tamsin Penrevale,tamsin penrevale,f,2015,11,U12G,,
Pell Breneworth,pell breneworth,f,2015,11,U12G,,
Lark Verzaley,lark verzaley,f,2021,6,U06G,Micro,
Perrin Ovdaridge,perrin ovdaridge,m,2017,10,U10B,,
Fenn Clyteley,fenn clyteley,m,2017,9,U09B,,yes
Juno Zelleworth,juno zelleworth,m,2016,10,U10B,,
Delia Fendastone,delia fendastone,m,2014,13,U14B,Select,
Ulla Fencodge,ulla fencodge,f,2020,7,U07G,Junior,
Wren Clycevale,wren clycevale,f,2013,14,U14G,Select,
Nils Corneton,nils corneton,m,2016,11,U12B,,
Joss Zelbagrove,joss zelbagrove,f,2015,11,U12G,,
Lark Bremeworth,lark bremeworth,m,2019,8,U08B,Junior,
Pell Seldomere,pell seldomere,m,2015,12,U12B,,
Elsbet Garpefield,elsbet garpefield,m,2014,12,U12B,,
Vero Clyveworth,vero clyveworth,m,2017,10,U10B,,
Ysolt Kelcoden,ysolt kelcoden,f,2017,9,U09G,,
Nerys Norferidge,nerys norferidge,m,2015,11,U12B,,
Vesper Marbock,vesper marbock,m,2019,8,U08B,Junior,
Orin Istzathorn,orin istzathorn,f,2016,11,U12G,,
Bryn Falbaford,bryn falbaford,m,2022,4,,Minis,
Orin Istmefield,orin istmefield,m,2018,9,U09B,,
Kestrel Ashmecombe,kestrel ashmecombe,f,2021,5,U05G,Micro,
Yorick Kelcoham,yorick kelcoham,m,2010,16,U16B,Select,
Corin Selneridge,corin selneridge,m,2018,9,U09B,,
Bryn Wynrestone,bryn wynrestone,f,2018,9,U09G,,
Joss Istpeworth,joss istpeworth,f,2020,6,U06G,Micro,
Corin Verfewell,corin verfewell,m,2014,12,U12B,,
Bryn Istseworth,bryn istseworth,m,2018,9,U09B,,
Odis Rangaworth,odis rangaworth,m,2019,8,U08B,Junior,
Ivo Kelnecombe,ivo kelnecombe,f,2016,10,U10G,,
Mira Fengacombe,mira fengacombe,f,2020,7,U07G,Junior,
Ysolt Danmewick,ysolt danmewick,m,2011,15,U16B,Select,
Ulf Irkaden,ulf irkaden,m,2018,9,U09B,,
Nerys Hesnethorn,nerys hesnethorn,f,2019,8,U08G,Junior,
Zephyr Marbodge,zephyr marbodge,f,2020,6,U06G,Micro,
Isolde Jorwemere,isolde jorwemere,f,2017,9,U09G,,
Clove Torsestone,clove torsestone,f,2018,9,U09G,,
Isolde Ulbostone,isolde ulbostone,m,2022,5,U05B,Micro,
Lark Danwefield,lark danwefield,m,2021,6,U06B,Micro,
Vero Irveham,vero irveham,f,2020,7,U07G,Junior,
Nessa Dorkadge,nessa dorkadge,m,2013,13,U14B,Select,
Thora Normestone,thora normestone,f,2022,5,U05G,Micro,
Pell Marmemere,pell marmemere,m,2017,10,U10B,,
Fable Kelbawell,fable kelbawell,m,2017,10,U10B,,
Joss Irceden,joss irceden,m,2023,4,,Minis,
Dara Kelmewick,dara kelmewick,f,2019,7,U07G,Junior,
Zeda Garmethorn,zeda garmethorn,f,2020,6,U06G,Micro,
Torv Yarbothorn,torv yarbothorn,f,2018,8,U08G,Junior,
Vesper Elremont,vesper elremont,f,2012,14,U14G,Select,
Joss Ashcoton,joss ashcoton,m,2014,12,U12B,,
Isolde Brekaridge,isolde brekaridge,f,2019,7,U07G,Junior,
Pell Linwethorn,pell linwethorn,f,2011,16,U16G,Select,
Isolde Brambofield,isolde brambofield,f,2011,16,U16G,Select,
Alder Yarseck,alder yarseck,f,2019,8,U08G,Junior,
Ivo Dandogrove,ivo dandogrove,m,2023,4,,Minis,
Hesper Linvemont,hesper linvemont,f,2021,5,U05G,Micro,
Nessa Fenpeden,nessa fenpeden,m,2014,13,U14B,Select,
Zephyr Selzaley,zephyr selzaley,f,2021,6,U06G,Micro,
Gilda Hesceridge,gilda hesceridge,m,2010,17,U19B,Select,
Faron Gilbagrove,faron gilbagrove,f,2018,8,U08G,Junior,
Ysolt Torpemont,ysolt torpemont,m,2010,17,U19B,Select,
Vero Zelcemont,vero zelcemont,f,2018,9,U09G,,
Yorick Penheck,yorick penheck,m,2021,6,U06B,Micro,
Ilse Lintefield,ilse lintefield,m,2016,11,U12B,,
Odis Gilcocombe,odis gilcocombe,f,2015,12,U12G,,
Sorrel Clydamont,sorrel clydamont,m,2011,15,U16B,Select,
Nessa Fencoby,nessa fencoby,f,2016,11,U12G,,
Kova Corfeworth,kova corfeworth,f,2016,11,U12G,,
Sorrel Hesleley,sorrel hesleley,f,2016,11,U12G,,
Yorick Breheham,yorick breheham,f,2019,8,U08G,Junior,
Cato Fenweridge,cato fenweridge,m,2013,13,U14B,Select,
Bertram Garmewick,bertram garmewick,f,2021,5,U05G,Micro,
Dara Jorzaden,dara jorzaden,m,2021,6,U06B,Micro,
Thora Irreford,thora irreford,f,2011,16,U16G,Select,
Hale Kelweck,hale kelweck,f,2012,15,U16G,Select,
Nerys Marleham,nerys marleham,f,2011,16,U16G,Select,
Wrenna Yarzagrove,wrenna yarzagrove,f,2022,5,U05G,Micro,
Alder Clydovale,alder clydovale,m,2020,6,U06B,Micro,yes
Yorick Ovtemont,yorick ovtemont,m,2018,9,U09B,,
Tamsin Brewecombe,tamsin brewecombe,m,2010,17,U19B,Select,
Fenn Linreford,fenn linreford,m,2008,19,U19B,Select,
Yorick Ranhevale,yorick ranhevale,m,2017,10,U10B,,
Tamsin Lincovale,tamsin lincovale,f,2020,7,U07G,Junior,
Hesper Hesgagrove,hesper hesgagrove,f,2011,16,U16G,Select,
Garrick Marzaby,garrick marzaby,f,2012,14,U14G,Select,
Odis Bramweworth,odis bramweworth,f,2012,14,U14G,Select,
Gilda Istwethorn,gilda istwethorn,f,2017,9,U09G,,
Hale Garbadge,hale garbadge,f,2011,16,U16G,Select,
Cato Garneby,cato garneby,f,2016,10,U10G,,
Hale Ranmeworth,hale ranmeworth,f,2017,9,U09G,,
Zoran Penteham,zoran penteham,m,2011,16,U16B,Select,
Edda Jesleck,edda jesleck,m,2015,11,U12B,,
Odis Breweley,odis breweley,f,2021,6,U06G,Micro,
Ysolt Ulwedge,ysolt ulwedge,f,2020,6,U06G,Micro,
Mira Bramkastone,mira bramkastone,m,2014,13,U14B,Select,
Ivo Ovzaford,ivo ovzaford,m,2016,11,U12B,,
Imre Clyreley,imre clyreley,m,2022,4,,Minis,
Wren Norboford,wren norboford,m,2015,12,U12B,,
Clove Norcovale,clove norcovale,f,2015,12,U12G,,
Prue Aldoden,prue aldoden,m,2022,5,U05B,Micro,
Jarl Wyntewell,jarl wyntewell,f,2018,8,U08G,Junior,
Hollin Irkawell,hollin irkawell,m,2015,12,U12B,,
Ulf Zelbowell,ulf zelbowell,m,2011,15,U16B,Select,
Tamsin Gilzack,tamsin gilzack,m,2011,15,U16B,Select,
Pell Ashmemere,pell ashmemere,m,2018,8,U08B,Junior,
Mabon Ashweham,mabon ashweham,f,2020,6,U06G,Micro,
Edda Irceford,edda irceford,m,2019,8,U08B,Junior,
Tamsin Brekamere,tamsin brekamere,f,2018,8,U08G,Junior,
Perrin Ranbostone,perrin ranbostone,m,2021,6,U06B,Micro,
Bram Evpeton,bram evpeton,m,2022,4,,Minis,
Signy Vermethorn,signy vermethorn,f,2018,9,U09G,,
Ulf Bregavale,ulf bregavale,m,2015,11,U12B,,
Wren Halgavale,wren halgavale,f,2023,4,,Minis,
Sable Corbodge,sable corbodge,f,2014,13,U14G,Select,
Perrin Jorcemere,perrin jorcemere,m,2015,11,U12B,,
Hale Ovpeton,hale ovpeton,f,2018,9,U09G,,
Torv Ashdaton,torv ashdaton,m,2016,11,U12B,,
Yarrow Brecoridge,yarrow brecoridge,m,2023,4,,Minis,
Vesper Hescoridge,vesper hescoridge,f,2014,13,U14G,Select,
Signy Linceworth,signy linceworth,m,2019,8,U08B,Junior,
Ilse Elwethorn,ilse elwethorn,f,2022,5,U05G,Micro,
Isolde Selmeridge,isolde selmeridge,m,2016,11,U12B,,
Odis Ashbovale,odis ashbovale,f,2022,4,,Minis,yes
Perrin Marback,perrin marback,m,2020,6,U06B,Micro,
Greer Dorcoby,greer dorcoby,m,2021,5,U05B,Micro,
Linnea Evleley,linnea evleley,m,2017,9,U09B,,
Emrys Fendoley,emrys fendoley,f,2015,11,U12G,,
Edda Fensemere,edda fensemere,m,2016,10,U10B,,
Fenn Fenwegrove,fenn fenwegrove,m,2014,12,U12B,,
Bertram Ashcecombe,bertram ashcecombe,m,2020,6,U06B,Micro,
Edda Haldothorn,edda haldothorn,f,2013,14,U14G,Select,
Kestrel Ranpemont,kestrel ranpemont,f,2022,5,U05G,Micro,
Corin Yarpedge,corin yarpedge,f,2022,4,,Minis,
Fable Garvefield,fable garvefield,m,2014,12,U12B,,
Bram Dorwemont,bram dorwemont,m,2014,12,U12B,,
Zeda Alkagrove,zeda alkagrove,m,2016,11,U12B,,
Nils Wynvemere,nils wynvemere,m,2018,8,U08B,Junior,
Cato Irmeden,cato irmeden,f,2017,10,U10G,,
Nils Ircocombe,nils ircocombe,f,2021,6,U06G,Micro,
Sorrel Elkaham,sorrel elkaham,m,2016,11,U12B,,
Kova Ovveton,kova ovveton,f,2019,8,U08G,Junior,
Zoran Gilneck,zoran gilneck,m,2021,5,U05B,Micro,
Vero Quilkavale,vero quilkavale,f,2018,9,U09G,,
Nessa Wynleworth,nessa wynleworth,f,2010,16,U16G,Select,
Pell Wynpestone,pell wynpestone,f,2018,9,U09G,,
Torv Istdacombe,torv istdacombe,m,2017,9,U09B,,
Delia Jorpedge,delia jorpedge,m,2016,11,U12B,,
Sorrel Garcemont,sorrel garcemont,f,2019,8,U08G,Junior,
Kestrel Yarleworth,kestrel yarleworth,m,2023,4,,Minis,
Marek Irreham,marek irreham,f,2019,7,U07G,Junior,
Nerys Verseby,nerys verseby,f,2019,7,U07G,Junior,
Kestrel Dorboridge,kestrel dorboridge,f,2020,7,U07G,Junior,
Bertram Danzawick,bertram danzawick,m,2018,9,U09B,,
Bram Garcefield,bram garcefield,f,2014,12,U12G,,
Ulf Ovheworth,ulf ovheworth,f,2019,8,U08G,Junior,
Perrin Corgaham,perrin corgaham,m,2012,14,U14B,Select,
Prue Ranheton,prue ranheton,m,2013,14,U14B,Select,
Ulf Alweden,ulf alweden,f,2013,14,U14G,Select,
Corin Dorzaby,corin dorzaby,f,2019,7,U07G,Junior,
Pell Yargadge,pell yargadge,f,2013,14,U14G,Select,
Hale Dorvemere,hale dorvemere,m,2014,13,U14B,Select,
Alder Ranneley,alder ranneley,f,2011,15,U16G,Select,
Prue Jorpecombe,prue jorpecombe,m,2013,13,U14B,Select,
Tamsin Jorneridge,tamsin jorneridge,f,2019,8,U08G,Junior,
Alder Penhemont,alder penhemont,m,2022,4,,Minis,
Hale Irtevale,hale irtevale,m,2017,10,U10B,,
Ulla Ovveworth,ulla ovveworth,f,2017,10,U10G,,
Signy Fenzawell,signy fenzawell,f,2013,14,U14G,Select,
Jarl Kelcowell,jarl kelcowell,m,2012,14,U14B,Select,
Kerrin Jorleck,kerrin jorleck,m,2021,5,U05B,Micro,
Vesper Danzack,vesper danzack,m,2017,10,U10B,,
Nessa Norfefield,nessa norfefield,f,2019,8,U08G,Junior,
Prue Hesbaton,prue hesbaton,f,2017,10,U10G,,
Pell Evvedge,pell evvedge,m,2017,9,U09B,,
Mabon Seldawick,mabon seldawick,f,2011,15,U16G,Select,
Osric Verpeford,osric verpeford,f,2015,11,U12G,,
Gilda Zeldafield,gilda zeldafield,f,2014,13,U14G,Select,
Bertram Alzaby,bertram alzaby,m,2022,4,,Minis,
Ysolt Kelgaham,ysolt kelgaham,m,2012,15,U16B,Select,
Juno Marteworth,juno marteworth,f,2019,8,U08G,Junior,
Yarrow Hescoby,yarrow hescoby,f,2020,7,U07G,Junior,
Yorick Gilmestone,yorick gilmestone,f,2021,5,U05G,Micro,
Perrin Jorpeden,perrin jorpeden,m,2017,9,U09B,,
Vesper Garceton,vesper garceton,f,2018,8,U08G,Junior,
Verity Evdadge,verity evdadge,m,2019,8,U08B,Junior,
Zeda Garbowick,zeda garbowick,m,2018,8,U08B,Junior,
Joss Evmemere,joss evmemere,f,2021,5,U05G,Micro,
Ivo Jesbaden,ivo jesbaden,m,2016,10,U10B,,
Rennick Hesdaworth,rennick hesdaworth,m,2018,9,U09B,,
Nerys Zelheley,nerys zelheley,m,2019,8,U08B,Junior,
Mira Torboworth,mira torboworth,f,2018,8,U08G,Junior,
Linnea Bramdovale,linnea bramdovale,m,2017,9,U09B,,
Hesper Quilvemere,hesper quilvemere,m,2019,8,U08B,Junior,
Orin Danwemere,orin danwemere,f,2015,12,U12G,,
Juno Zelteby,juno zelteby,m,2012,14,U14B,Select,
Linnea Bramwewick,linnea bramwewick,f,2013,13,U14G,Select,
Zephyr Jormemont,zephyr jormemont,f,2021,6,U06G,Micro,
Linnea Ovcoby,linnea ovcoby,m,2014,13,U14B,Select,
Ulf Ashbock,ulf ashbock,f,2017,9,U09G,,
Fenn Halzaham,fenn halzaham,m,2017,10,U10B,,
Joss Halgawick,joss halgawick,f,2019,7,U07G,Junior,
Signy Norwewick,signy norwewick,f,2021,5,U05G,Micro,
Rennick Istzaby,rennick istzaby,f,2022,5,U05G,Micro,
Tamsin Jescecombe,tamsin jescecombe,m,2018,9,U09B,,
Hollin Danmeton,hollin danmeton,m,2019,8,U08B,Junior,
Thora Corleridge,thora corleridge,m,2018,8,U08B,Junior,
Wren Vergagrove,wren vergagrove,f,2013,13,U14G,Select,
Jarl Hesdawick,jarl hesdawick,f,2013,13,U14G,Select,
Hale Torfefield,hale torfefield,m,2018,9,U09B,,
Vesper Gardaridge,vesper gardaridge,f,2021,5,U05G,Micro,
Bryn Jorceridge,bryn jorceridge,f,2014,12,U12G,,yes
Osric Breweham,osric breweham,m,2017,10,U10B,,
Verity Dorkaham,verity dorkaham,m,2017,10,U10B,,
Sorrel Haldavale,sorrel haldavale,m,2017,10,U10B,,
Imre Seldaden,imre seldaden,m,2014,13,U14B,Select,
Lark Wyndoden,lark wyndoden,m,2010,16,U16B,Select,
Pell Ashseworth,pell ashseworth,f,2015,12,U12G,,
Isolde Vercecombe,isolde vercecombe,f,2014,12,U12G,,yes
Hesper Randaton,hesper randaton,f,2020,7,U07G,Junior,
Vero Ashzathorn,vero ashzathorn,f,2019,8,U08G,Junior,
Signy Gilgafield,signy gilgafield,f,2017,10,U10G,,
Lark Kelkagrove,lark kelkagrove,m,2016,10,U10B,,
Vero Corvewick,vero corvewick,m,2008,18,U19B,Select,
Rennick Quilhecombe,rennick quilhecombe,m,2021,5,U05B,Micro,
Torv Dannedge,torv dannedge,m,2014,13,U14B,Select,
Ilse Normemere,ilse normemere,f,2019,8,U08G,Junior,
Nessa Jortethorn,nessa jortethorn,f,2021,6,U06G,Micro,
Ysolt Gardoley,ysolt gardoley,f,2018,9,U09G,,
Corin Elgawick,corin elgawick,f,2014,12,U12G,,
Verity Garsethorn,verity garsethorn,f,2010,17,U19G,Select,
Zeda Ranreck,zeda ranreck,f,2008,19,U19G,Select,
Mabon Fengaley,mabon fengaley,f,2016,11,U12G,,
Ulric Zelkagrove,ulric zelkagrove,f,2016,11,U12G,,
Greer Clytethorn,greer clytethorn,m,2017,10,U10B,,
Orin Garback,orin garback,f,2017,10,U10G,,
Orin Irhewick,orin irhewick,f,2018,8,U08G,Junior,
Faron Quilpemere,faron quilpemere,m,2019,8,U08B,Junior,
Edda Halback,edda halback,m,2010,17,U19B,Select,
Corin Irleton,corin irleton,f,2017,9,U09G,,
Tamsin Torveridge,tamsin torveridge,f,2018,9,U09G,,
Bryn Ranceton,bryn ranceton,f,2021,6,U06G,Micro,
Delia Torfeden,delia torfeden,m,2019,8,U08B,Junior,
Wrenna Garweby,wrenna garweby,f,2017,10,U10G,,
Nerys Jesleden,nerys jesleden,f,2017,9,U09G,,
Zeda Zelnewell,zeda zelnewell,m,2017,10,U10B,,
Mira Wynfegrove,mira wynfegrove,f,2014,13,U14G,Select,
Bryn Jormewick,bryn jormewick,m,2017,10,U10B,,
Zeda Bramtecombe,zeda bramtecombe,f,2016,10,U10G,,
Torv Clyfemere,torv clyfemere,m,2017,9,U09B,,
Bram Clydoworth,bram clydoworth,m,2018,9,U09B,,
Xara Quilperidge,xara quilperidge,f,2019,7,U07G,Junior,
Dara Istlevale,dara istlevale,m,2021,5,U05B,Micro,
Mira Kelweridge,mira kelweridge,f,2017,10,U10G,,
Sorrel Yarheck,sorrel yarheck,m,2021,5,U05B,Micro,
Kerrin Mardock,kerrin mardock,f,2011,16,U16G,Select,
Ilse Ranleley,ilse ranleley,m,2013,14,U14B,Select,
Bertram Zelkaham,bertram zelkaham,m,2017,10,U10B,,
Fenn Norbaworth,fenn norbaworth,f,2017,9,U09G,,
Lark Linveton,lark linveton,f,2017,9,U09G,,
Emrys Istkaton,emrys istkaton,m,2023,4,,Minis,
Garrick Dorceton,garrick dorceton,f,2019,7,U07G,Junior,
Hollin Irdawell,hollin irdawell,m,2021,5,U05B,Micro,
Zoran Garkamere,zoran garkamere,m,2014,13,U14B,Select,
Sable Uldadge,sable uldadge,f,2019,8,U08G,Junior,
Yarrow Rantewick,yarrow rantewick,f,2016,11,U12G,,
Delia Alleden,delia alleden,f,2017,10,U10G,,
Kestrel Garreck,kestrel garreck,m,2014,13,U14B,Select,
Tamsin Halveworth,tamsin halveworth,f,2015,11,U12G,,
Ilse Wyndafield,ilse wyndafield,m,2021,5,U05B,Micro,
Perrin Hesgawell,perrin hesgawell,f,2020,7,U07G,Junior,
Dara Wynreck,dara wynreck,f,2014,13,U14G,Select,
Ysolt Fallewell,ysolt fallewell,m,2017,10,U10B,,
Torv Quildaley,torv quildaley,m,2016,10,U10B,,
Corin Torveworth,corin torveworth,m,2022,5,U05B,Micro,
Nerys Istzaford,nerys istzaford,m,2013,14,U14B,Select,
Thora Yarneley,thora yarneley,m,2010,16,U16B,Select,
Torv Correridge,torv correridge,f,2018,9,U09G,,
Nils Fenheton,nils fenheton,f,2020,7,U07G,Junior,
Zoran Gilcedge,zoran gilcedge,m,2012,15,U16B,Select,
Garrick Brekacombe,garrick brekacombe,f,2013,14,U14G,Select,
Pell Selbogrove,pell selbogrove,f,2021,6,U06G,Micro,
Xara Norbagrove,xara norbagrove,m,2017,9,U09B,,
Kestrel Alsecombe,kestrel alsecombe,m,2022,5,U05B,Micro,
Ulla Markaford,ulla markaford,m,2021,5,U05B,Micro,
Isolde Jesceton,isolde jesceton,m,2017,10,U10B,,
Elsbet Verreford,elsbet verreford,f,2014,12,U12G,,
Juno Torbaworth,juno torbaworth,f,2010,16,U16G,Select,
Rennick Evdothorn,rennick evdothorn,m,2017,9,U09B,,
Mira Ashhewick,mira ashhewick,f,2018,8,U08G,Junior,yes
Yorick Wynleridge,yorick wynleridge,f,2021,5,U05G,Micro,
Ivo Corvefield,ivo corvefield,f,2020,6,U06G,Micro,
Verity Fentevale,verity fentevale,m,2017,9,U09B,,
Odis Torbostone,odis torbostone,f,2012,14,U14G,Select,
Prue Jorboham,prue jorboham,m,2013,13,U14B,Select,
Yarrow Clybodge,yarrow clybodge,f,2018,9,U09G,,
Edda Verfeby,edda verfeby,f,2018,9,U09G,,
Xara Zeldoworth,xara zeldoworth,m,2011,15,U16B,Select,
Kestrel Gilbathorn,kestrel gilbathorn,f,2016,11,U12G,,
Clove Torveck,clove torveck,m,2016,10,U10B,,
Zephyr Verdovale,zephyr verdovale,f,2022,4,,Minis,
Edda Breseden,edda breseden,m,2022,4,,Minis,
Linnea Verfegrove,linnea verfegrove,f,2015,11,U12G,,
Zephyr Istdavale,zephyr istdavale,f,2012,15,U16G,Select,
Bertram Dornemere,bertram dornemere,f,2019,7,U07G,Junior,
Wren Garnestone,wren garnestone,m,2017,10,U10B,,
Lisbet Evdaden,lisbet evdaden,f,2018,9,U09G,,
Garrick Gilpefield,garrick gilpefield,f,2018,9,U09G,,
Elsbet Gilvecombe,elsbet gilvecombe,m,2016,10,U10B,,
Zoran Kelveley,zoran kelveley,m,2023,4,,Minis,
Isolde Ulzafield,isolde ulzafield,m,2016,10,U10B,,
Zoran Garledge,zoran garledge,f,2018,8,U08G,Junior,
Signy Kelpeford,signy kelpeford,m,2018,9,U09B,,
Kova Falceley,kova falceley,m,2022,5,U05B,Micro,
Verity Ircoby,verity ircoby,f,2014,12,U12G,,
Isolde Dangadge,isolde dangadge,f,2020,6,U06G,Micro,
Corin Evlethorn,corin evlethorn,f,2020,6,U06G,Micro,
Juno Hesheridge,juno hesheridge,m,2021,5,U05B,Micro,
Rennick Selleford,rennick selleford,f,2020,7,U07G,Junior,
Cato Tormestone,cato tormestone,f,2018,9,U09G,,
Bertram Norsefield,bertram norsefield,m,2014,13,U14B,Select,
Hale Linbacombe,hale linbacombe,m,2016,10,U10B,,
Yorick Gilteby,yorick gilteby,f,2016,10,U10G,,
Mabon Bramtewell,mabon bramtewell,f,2022,4,,Minis,
Xara Ulgacombe,xara ulgacombe,f,2021,6,U06G,Micro,
Perrin Gilkaden,perrin gilkaden,f,2011,16,U16G,Select,
Ilse Selnevale,ilse selnevale,f,2017,10,U10G,,
Yorick Ulweridge,yorick ulweridge,f,2021,6,U06G,Micro,
Delia Fenzacombe,delia fenzacombe,m,2014,13,U14B,Select,
Greer Ashvewick,greer ashvewick,m,2022,4,,Minis,
Elsbet Corzacombe,elsbet corzacombe,f,2017,10,U10G,,
Elsbet Almethorn,elsbet almethorn,f,2019,7,U07G,Junior,
Vesper Wyngaham,vesper wyngaham,m,2017,10,U10B,,
Edda Brambamont,edda brambamont,m,2021,5,U05B,Micro,
Hollin Normeley,hollin normeley,m,2017,10,U10B,,
Garrick Ulteck,garrick ulteck,f,2015,11,U12G,,
Ysolt Verbacombe,ysolt verbacombe,m,2017,10,U10B,,
Linnea Quilmeford,linnea quilmeford,f,2021,6,U06G,Micro,
Dara Clyfeck,dara clyfeck,m,2009,17,U19B,Select,
Bryn Kelpeley,bryn kelpeley,f,2014,13,U14G,Select,
Kerrin Yarrewell,kerrin yarrewell,f,2015,12,U12G,,
Garrick Brezawick,garrick brezawick,f,2014,12,U12G,,
Greer Torpewell,greer torpewell,f,2016,11,U12G,,
Edda Kelsegrove,edda kelsegrove,f,2017,10,U10G,,
Verity Yarweridge,verity yarweridge,m,2017,10,U10B,,
Nerys Selheley,nerys selheley,f,2014,13,U14G,Select,
Thora Verdostone,thora verdostone,f,2018,9,U09G,,
Vero Danneham,vero danneham,f,2014,12,U12G,,
Kerrin Norbovale,kerrin norbovale,f,2013,14,U14G,Select,
Ulf Ovseden,ulf ovseden,f,2019,8,U08G,Junior,
Joss Clykacombe,joss clykacombe,f,2018,8,U08G,Junior,
Bertram Istteley,bertram istteley,f,2019,8,U08G,Junior,
Dara Kelremont,dara kelremont,f,2020,6,U06G,Micro,
Sorrel Jorcefield,sorrel jorcefield,f,2019,7,U07G,Junior,
Kestrel Torleby,kestrel torleby,f,2021,5,U05G,Micro,yes
Nessa Danbovale,nessa danbovale,f,2018,9,U09G,,
Sorrel Penheton,sorrel penheton,m,2021,5,U05B,Micro,
Greer Quilveden,greer quilveden,m,2013,14,U14B,Select,
Ilse Ovnedge,ilse ovnedge,m,2017,10,U10B,,
Isolde Garwethorn,isolde garwethorn,f,2017,10,U10G,,
Thora Norcoham,thora norcoham,f,2021,6,U06G,Micro,
Greer Evfestone,greer evfestone,f,2020,7,U07G,Junior,
Bryn Istrevale,bryn istrevale,f,2021,5,U05G,Micro,
Pell Brambaham,pell brambaham,m,2013,14,U14B,Select,
Ivo Yarbaham,ivo yarbaham,m,2016,10,U10B,,
Verity Norteridge,verity norteridge,f,2014,13,U14G,Select,
Ivo Jordavale,ivo jordavale,m,2017,10,U10B,,
Isolde Quilhedge,isolde quilhedge,f,2018,8,U08G,Junior,
Ilse Wyndafield,ilse wyndafield,m,2021,5,U05B,Micro,
Pell Halboton,pell halboton,m,2013,13,U14B,Select,
Wrenna Dorreham,wrenna dorreham,m,2022,5,U05B,Micro,
Nessa Hesledge,nessa hesledge,m,2017,10,U10B,,
Lark Yarvewick,lark yarvewick,m,2014,13,U14B,Select,
Odis Ashceck,odis ashceck,f,2011,15,U16G,Select,
Lark Wynneworth,lark wynneworth,f,2021,5,U05G,Micro,
Elsbet Clyleden,elsbet clyleden,f,2015,11,U12G,,
Jarl Nordowell,jarl nordowell,f,2011,15,U16G,Select,
Ysolt Penwewell,ysolt penwewell,f,2017,10,U10G,,
Linnea Yarcoworth,linnea yarcoworth,f,2020,7,U07G,Junior,
Cato Dorcofield,cato dorcofield,f,2014,13,U14G,Select,
Verity Wynbastone,verity wynbastone,f,2019,7,U07G,Junior,
Lark Garnedge,lark garnedge,m,2014,13,U14B,Select,
Alder Zelcefield,alder zelcefield,m,2016,10,U10B,,
Kova Ranneck,kova ranneck,m,2013,13,U14B,Select,
Nils Irreley,nils irreley,f,2018,9,U09G,,
Juno Zelpeworth,juno zelpeworth,m,2022,5,U05B,Micro,
Perrin Garfeham,perrin garfeham,f,2008,18,U19G,Select,
Bertram Garseford,bertram garseford,f,2022,5,U05G,Micro,
Mira Wynseden,mira wynseden,f,2022,5,U05G,Micro,
Greer Gilheridge,greer gilheridge,m,2012,15,U16B,Select,
Lisbet Verfeden,lisbet verfeden,m,2017,10,U10B,,
Bram Jorweley,bram jorweley,f,2016,10,U10G,,
Ivo Elfedge,ivo elfedge,f,2015,12,U12G,,
Tamsin Keldovale,tamsin keldovale,f,2015,11,U12G,,
Signy Dancomont,signy dancomont,f,2013,13,U14G,Select,
Fenn Fenrevale,fenn fenrevale,m,2011,16,U16B,Select,
Hollin Evdacombe,hollin evdacombe,f,2018,9,U09G,,
Perrin Haltevale,perrin haltevale,f,2019,7,U07G,Junior,
Prue Cornemere,prue cornemere,m,2013,14,U14B,Select,
Nerys Jorceworth,nerys jorceworth,m,2016,10,U10B,,
Alder Norleby,alder norleby,f,2019,7,U07G,Junior,
Vesper Dorsestone,vesper dorsestone,f,2012,14,U14G,Select,
Hollin Jorwemont,hollin jorwemont,f,2019,7,U07G,Junior,
Sable Falnecombe,sable falnecombe,f,2018,9,U09G,,
Rennick Brepemere,rennick brepemere,f,2016,10,U10G,,
Nils Yarneworth,nils yarneworth,f,2017,10,U10G,,
Ulf Fengastone,ulf fengastone,f,2013,13,U14G,Select,
Isolde Yardoford,isolde yardoford,m,2014,13,U14B,Select,
Sorrel Brefewell,sorrel brefewell,m,2012,14,U14B,Select,
Torv Almeden,torv almeden,f,2016,11,U12G,,
Zeda Cordaham,zeda cordaham,f,2016,11,U12G,,
Perrin Ranhegrove,perrin ranhegrove,f,2015,12,U12G,,
Faron Yarkaworth,faron yarkaworth,f,2012,15,U16G,Select,
Lark Selseley,lark selseley,f,2011,15,U16G,Select,
Verity Nordoton,verity nordoton,f,2021,5,U05G,Micro,
Edda Pencomere,edda pencomere,f,2017,9,U09G,,
Prue Wyngaworth,prue wyngaworth,f,2018,9,U09G,,
Torv Ashdowick,torv ashdowick,f,2021,5,U05G,Micro,
Joss Vercethorn,joss vercethorn,m,2010,17,U19B,Select,
Mabon Kelhefield,mabon kelhefield,f,2014,12,U12G,,yes
Bram Ransefield,bram ransefield,f,2015,12,U12G,,yes
Wren Corpedge,wren corpedge,f,2020,7,U07G,Junior,
Thora Jorgacombe,thora jorgacombe,f,2017,10,U10G,,
Tamsin Torwemere,tamsin torwemere,f,2021,6,U06G,Micro,
Torv Linweley,torv linweley,m,2013,13,U14B,Select,
Torv Falweley,torv falweley,f,2016,10,U10G,,
Alder Cormefield,alder cormefield,m,2013,13,U14B,Select,
Corin Gilmemont,corin gilmemont,f,2017,10,U10G,,
Ilse Tordoridge,ilse tordoridge,f,2019,7,U07G,Junior,
Mabon Alfewell,mabon alfewell,f,2021,5,U05G,Micro,
Osric Norcestone,osric norcestone,f,2018,9,U09G,,
Wrenna Zelreridge,wrenna zelreridge,f,2016,10,U10G,,
Ulric Marcecombe,ulric marcecombe,f,2015,12,U12G,,
Verity Clyveridge,verity clyveridge,m,2010,17,U19B,Select,
Sable Dordostone,sable dordostone,m,2012,15,U16B,Select,
Rennick Jesdoford,rennick jesdoford,m,2011,16,U16B,Select,
Wrenna Danrecombe,wrenna danrecombe,f,2009,18,U19G,Select,
Perrin Clylestone,perrin clylestone,m,2008,18,U19B,Select,
Sable Ulmethorn,sable ulmethorn,f,2009,17,U19G,Select,
Rennick Brebathorn,rennick brebathorn,f,2009,18,U19G,Select,
